MST1R	YES1
TYRO3	YES1
FGR	SRC
ATR	FLT1
LYN	PRKCD
LYN	SYK
LYN	MAP4K1
PDGFRB	PIK3CA
PHKG1	PHKG2
PDGFRA	PDGFRB
EIF2AK2	PDGFRB
ARAF	MAP2K1
MAP2K1	RPS6KA4
KSR2	MAP2K1
ABL1	ZAP70
PTK2B	ZAP70
MAP2K2	MAPK1
MAPK1	RPS6KA1
DYRK1B	MAPK1
KSR2	MAPK1
PRKCA	SRC
MYLK	PRKCA
BMPR2	PRKCB
MAPK6	PRKCB
GSK3B	PRKCB
PDPK1	PRKCB
HK2	PRKCE
PIK3CB	PRKCE
PDPK1	PRKCE
PIK3CB	PRKCD
PDPK1	PRKCD
MARK4	PRKCG
IRAK1	PRKCZ
MAP2K5	PRKCZ
DAPK3	PRKCZ
PDPK1	PRKCZ
ARAF	PKM
GSK3B	MARK2
BTK	PRKCZ
BTK	PRKCQ
BTK	PRKCE
BTK	PRKCA
OBSCN	TTN
ABL1	BTK
ABL1	MAP4K1
BMPR2	MOS
DDR2	SRC
MATK	SRC
SRC	TXK
MST1R	SRC
MYLK	SRC
EPHB2	SRC
PTK2B	SRC
PRKACA	SRC
GUCY2C	SRC
MAPK15	SRC
AMHR2	TGFBR1
ACVRL1	TGFBR1
BMPR1B	TGFBR1
MAP3K20	TGFBR1
ACVRL1	TGFBR2
CHUK	MAP3K8
BMPR2	MAP3K8
MAP2K4	MAP3K8
ATR	KDR
MATK	NTRK1
IRAK1	NTRK3
MAPK3	NTRK3
BRSK1	WEE1
MAPK3	RPS6KA3
RPS6KA3	STK11
PDPK1	RPS6KA3
MAP2K5	PRKCI
PDPK1	PRKCI
MARK4	PRKCI
CHUK	MAP3K11
MAP2K7	MAP3K11
IKBKB	MAP3K11
PTK2	SYK
PTK2B	SYK
MAP2K4	MAP3K10
MAP2K6	MAPK14
MAP2K4	MAPK14
MAP2K3	MAPK14
MAPK14	RPS6KA4
DYRK1B	MAPK14
MAPK14	MAPKAPK5
MAP2K4	MAP3K12
MAP2K7	MAP3K12
MARK3	PRKCQ
IKBKB	PRKCQ
PRKCQ	STK39
EPHB2	RYK
EPHB3	RYK
PLK4	TEC
PTK2	TRIO
GSK3B	PTK2
BMPR1A	BMPR2
BMPR1B	BMPR2
MAPK8	PRKDC
ATM	PRKDC
MAPK3	MYLK
CAMK2G	MYLK
PDPK1	PKN1
MAP2K4	MAPK8
MAP3K7	MAPK8
MAP2K7	MAPK8
MAP3K2	MAPK8
MAP2K6	MAPK12
MAP2K6	MAPK13
MAP2K2	MAPK3
CDC42BPA	LIMK1
LATS1	LIMK1
MAP2K4	MAPK12
MAP2K4	MAPK9
MAP2K4	MAPK10
PRKACA	STK11
PDPK1	PRKACA
MAPK3	RPS6KA1
PDPK1	RPS6KA1
MAPK3	RPS6KA2
TRIM24	TRIM28
MAP2K3	MAPK3
MAPK3	MKNK1
KSR2	MAPK3
MAP3K7	MAP4K1
CDC42BPA	LIMK2
MAPK13	MAPK3
ATM	STK11
RPS6KA5	STK11
MARK4	STK11
RPS6KB1	STK11
STK11	STRADA
MAP2K3	MAPK12
GSK3B	ILK
BUB1B	MAP3K4
MAP3K3	MAP3K5
MAP2K7	MAP3K5
ERN1	MAP3K5
MAP3K2	MAP3K5
MAPK7	SGK1
PDPK1	PKN2
MAP3K2	PKN2
OXSR1	PAK1
MAP3K14	MAP3K7
MAP2K7	MAPK9
MAPK11	MAPKAPK5
NEK6	SGK1
PDPK1	SGK1
CAMKK1	SGK1
PDK2	SGK1
ATM	CHEK1
ATR	CHEK1
CHEK1	TLK1
EIF2AK3	IKBKB
MAP3K14	RIPK1
ATM	CHEK2
ATR	CHEK2
NEK6	RPS6KB1
PDPK1	SGK2
PDPK1	SGK3
PDPK1	RPS6KB1
PDPK1	RPS6KB2
PRKCH	PRKD1
CASK	CSNK2A2
MAST2	STK36
CDK9	STK36
TLK1	TLK2
BRSK2	WEE1
MAPK1	PAK1
AKT1	GSK3B
GRK2	SRC
MAP3K7	STRADB
PLK1	WEE1
ACVR1	IKBKB
ACVR1	NEK8
ACVR1	NUAK2
ACVR1	PAK1
ACVR1	TGFBR1
AURKB	TGFBR1
BMPR1B	CDK4
BMPR1B	OXSR1
BMPR1B	PAK1
BMPR1B	STK35
CDK4	TGFBR1
CDK6	TGFBR1
CDKL1	TGFBR1
CHUK	EIF2AK2
CHUK	PRKCQ
CHUK	TGFBR1
CSNK1A1	TGFBR1
CSNK2A2	TGFBR1
DAPK2	TGFBR1
EIF2AK4	TGFBR1
IGF1R	PRKCD
IGF1R	PRKD1
IKBKB	TGFBR1
ITK	TGFBR1
MYO3A	TGFBR1
NEK6	TGFBR1
NEK8	TGFBR1
NUAK2	TGFBR1
OXSR1	TGFBR1
PAK1	TGFBR1
PLK4	TGFBR1
STK35	TGFBR1
TGFBR1	TSSK4
RAF1	STK3
LATS1	STK4
LATS2	STK3
PTK2	RIPK1
EGFR	PAK1
FGFR1	PAK1
MAP2K6	MAP3K5
PDGFRB	SRC
MAP3K14	MAPK3
FLT4	KDR
BRD2	FGFR1
MAP2K5	MAP3K2
MAP2K5	MAP3K3
NME1	NME4
CLK2	CLK3
MAPK3	RAF1
MAPK3	PRKCD
MAPK1	PRKCD
PAK1	PRKCD
MAPK3	PRKCE
MAPK3	PRKCZ
MAPK1	PRKCZ
EPHB2	KALRN
EPHA4	FGFR1
EPHA4	FGFR2
EPHA4	FGFR3
EPHB2	PTK2
FLT1	FYN
FLT1	YES1
EGFR	MET
EGFR	ERBB4
FLT4	PTK2
KDR	YES1
EGFR	MAP2K1
EGFR	EPHA2
EGFR	MAPK1
EGFR	PRKD1
FGFR1	RPS6KA1
FYN	KIT
HCK	KIT
IGF1R	INSR
IGF1R	JAK2
IGF1R	MAP3K5
INSR	JAK1
INSR	JAK2
INSR	SRC
JAK1	PDGFRB
JAK1	PDGFRA
JAK1	PRKCZ
JAK2	PDGFRB
JAK2	MST1R
LCK	PTK2
AKT1	MST1R
AKT1	PRKDC
AKT1	PDK2
AKT1	PAK1
AKT1	IKBKB
AKT1	WNK1
KIT	PRKCB
KIT	PIK3CG
LYN	TEC
PDGFRB	TYK2
EIF2AK2	MAP3K7
MAP2K1	PRKCZ
MAP2K1	PRKCI
MAP2K1	MAPK14
FGFR2	PTK2B
FGFR2	PAK4
MAPK1	PAK2
PRKCD	SRC
FES	JAK3
IRAK1	MAPK8
IRAK1	MAP3K7
IRAK1	RIPK2
BTK	PIP5K1B
BTK	PIP4K2B
BTK	PIP5K1A
BTK	PIP5K1C
BTK	PIP4K2A
BTK	PIP4K2C
PTK2	ROCK1
MAP2K4	MAP3K14
MAPK3	PAK2
MAP3K3	WNK1
IKBKB	TBK1
ACVR2A	ACVRL1
EEF2K	RPS6KB2
DAPK1	MAPK1
BMPR1B	SGK196
SGK196	TGFBR1
PAK1	TGFBR2
PRKCH	SRC
CDC7	CDK4
ABL1	PRKD1
CDK5	MAP2K1
ABL1	CDK5
CDK5	SRC
CDK5	ERBB3
CDK5	PAK1
CDK5	MAPK10
CAMK2B	CAMK2D
STK39	WNK4
CSK	FYN
CSK	HCK
CSK	LCK
CSK	FGR
CSK	LYN
CSK	SRC
CSK	MAPK15
KSR1	RAF1
KSR1	MAP2K1
EGFR	LYN
PAK2	YES1
EIF2AK2	TYK2
EIF2AK2	JAK1
EGFR	PIK3C2A
ERBB2	PIK3C2A
CDK5	PIP5K1C
NEK11	NEK2
EGFR	GRK2
PRKCE	RPS6KB2
PAK2	RAF1
MAP3K8	RIPK1
KSR1	MARK3
KSR1	MAPK1
CHUK	IKBKB
IRAK1	MAPK14
PIK3CA	RPS6KB1
PDK1	RPS6KB1
MAPK3	RPS6KB1
MAPK8	RPS6KB1
MAPK9	RPS6KB1
EGFR	ERBB2
CAMK2G	EGFR
CAMK2A	EGFR
CSF1R	FYN
EPHA8	FYN
FYN	TXK
EPHB3	FYN
EPHA4	FYN
ABL2	HCK
ABL1	HCK
BTK	HCK
MERTK	TNK2
INSR	PTK2
GSK3A	SGK1
JAK1	TYK2
FER	JAK1
ABL1	JAK1
BTK	JAK1
JAK2	RAF1
ERBB2	JAK2
ABL1	JAK2
KIT	LCK
LCK	ZAP70
LCK	PRKCD
JAK3	LCK
LCK	PRKCQ
HIPK3	LIMK2
ABL1	ABL2
AKT1	RAF1
AKT1	MAP3K8
AKT1	IRAK1
AKT1	MAP3K11
AKT1	CHUK
AKT1	MAP2K4
AKT1	MAP3K5
AKT1	CHEK1
AKT1	GSK3A
AKT2	CHUK
PDGFRB	RAF1
MAPK1	RAF1
PRKCA	RAF1
PRKCE	RAF1
PRKCZ	RAF1
PKM	RAF1
PAK3	RAF1
PRKACA	RAF1
MAP3K5	RAF1
MAPK7	RAF1
PAK1	RAF1
PRKAA1	RAF1
DMPK	RAF1
KSR2	RAF1
PBK	RAF1
IKBKE	ROCK2
LRRK1	PAK4
CAMK2A	CAMK2B
CAMK2A	CAMK2D
STK24	STK25
PASK	STK16
ROCK2	STK16
TTBK1	TTBK2
NEK6	NEK7
SNRK	STK16
CDK4	LYN
CHEK1	CSNK2A1
BMPR2	TGFBR1
ATR	PIK3CA
CDK5	LMTK2
MAPK14	SYK
AKT1	MAPK14
CDK2	CDK6
MAP3K1	MAPK8
PIK3CD	PIK3CG
EGFR	IGF1R
BTK	RPS6KB1
CSNK2A1	RPS6KB1
LYN	RPS6KB1
PRKCZ	RPS6KB1
BTK	RPS6KB2
LYN	RPS6KB2
AKT1	PAK6
PDK1	PKN2
PDK1	PKN1
LCK	PI4KA
BTK	FYN
IGF1R	PTK2
CSF1R	SRC
ITK	SRC
PTK2	YES1
MAP2K1	MAP3K1
MAPK14	RPS6KA3
MAPK14	RPS6KA5
ACVR1B	ACVR2A
PIK3CA	SGK1
EPHB2	YES1
AKT1	MARK2
ABL1	EPHA3
BRD4	FGFR1
BRD4	CDK9
MARK2	MARK3
MARK2	PRKCI
MARK2	MARK4
CDK9	TRIM28
ATM	TAOK3
ABL1	CDKL5
MAP3K3	PFKL
ABL2	SRC
MAP3K8	PFKL
MAP3K3	PRKDC
MAP3K3	MYLK2
CHUK	MAP3K3
MAP3K1	MYLK2
FYN	NEK8
CDKL5	FYN
FYN	MOS
MAP2K1	TRIB3
MAP2K7	TRIB3
AATK	CDK5
MAP2K3	PKN1
MAP3K20	PKN1
EGFR	YES1
EGFR	EPHB4
BMX	PIM1
ILK	KHK
PAK2	TRIM28
IKBKE	PAK1
IKBKE	PDXK
IKBKE	TRIM28
MELK	STK16
IKBKE	SYK
IKBKE	SLK
GSK3B	MAP2K5
IKBKE	STK16
KSR1	MAP2K2
ROR1	SRC
VRK1	VRK3
AKT1	PI4K2B
MAPK13	PKM
MAPK13	PRKD1
MAPK13	PGK1
GSK3A	MAP3K11
STK25	STK26
STK24	STK26
ERBB3	PIK3CA
OXSR1	WNK4
OXSR1	WNK1
ABL1	EGFR
ABL1	ERBB2
ABL1	ERBB3
ABL1	PRKCD
ABL1	ERBB4
PRKCA	TYK2
AKT1	STK4
ABL2	EGFR
ABL2	ERBB2
ABL2	ERBB3
ABL2	ERBB4
BRAF	MAP2K2
CSNK1A1	PRKD2
BLK	EGFR
BLK	ERBB2
BMX	EGFR
BMX	ERBB2
PRKCE	RPS6KA2
PDK1	SGK3
CSNK1D	PRKD2
CSNK1E	PRKD2
ACVR1	ACVR2A
CDK4	CDK7
ERBB2	PTK6
ILK	PDK1
AKT2	ROCK1
AKT2	MARK2
PRKACA	SIK3
MYLK	PRKD2
KALRN	PRKD2
EPHB1	PDGFRB
ALK	GAK
ALK	MYLK
ALK	EPHB2
ALK	EPHA1
ALK	MAP3K1
ALK	MAP3K5
ALK	MAP3K4
ALK	MAP2K7
ALK	JAK2
ALK	MAPK1
ALK	PIK3CB
STK3	STK4
CDC42BPB	MAP2K5
STK4	TAOK1
MKNK1	PRKDC
CAMKK2	PRKDC
HCK	MAP4K5
CSNK2A2	PRKDC
CDK5	MAST1
MAP2K1	WNK1
DYRK1B	PAK1
BTK	MYLK2
CAMKK2	MAPK14
CAMKK2	PRKAA2
PRKAA2	ULK1
BUB1	BUB1B
ABL2	MAP3K10
GSK3A	GSK3B
PAK3	PLK1
PAK1	PLK1
DYRK1B	HIPK2
DYRK1A	HIPK2
PAK2	TNK2
SRPK1	SRPK2
LATS1	NUAK1
MET	PASK
ARAF	WNK1
EGFR	MAST1
CSNK2A1	SRC
EGFR	MAP3K12
PFKL	TESK1
PAK2	RIOK3
CASK	CDK9
HIPK2	MKNK1
IRAK3	NTRK3
ARAF	TESK1
NUAK1	STK11
MAPK8	RAF1
EGFR	TRIM28
MAP2K3	MAP3K5
ATR	CLK2
CHUK	PRKCA
CHUK	PRKCD
FGFR1	JAK2
ABL1	STK4
MAPK14	PI4K2B
PRKAA1	SIK3
PRKAA1	SIK2
PDPK1	PRKCQ
DYRK1A	FGFR1
CAMKK2	IRAK1
IKBKB	PRKCI
CDK1	PBK
CDK1	EEF2K
BMPR2	PRKG1
PRKAA1	SIK1
PDK1	SGK1
PRKAA1	SNRK
BRAF	MAP3K1
MTOR	STK38
HCK	SRC
FGFR1	SRC
IKBKB	PRKCD
IKBKB	PRKCA
BRAF	PRKCA
SRC	TNK2
MAPK11	MAPK14
RPS6KA1	TTK
GSK3B	NRBP1
MAPK3	RPS6KA6
MAPK6	PLK1
GSK3B	PIM2
MAPK6	TTK
CSNK1E	TAOK1
PLK1	VRK3
MAPK6	MOK
CDK4	PKM
BRAF	RPS6KA2
AURKA	TLK1
AURKA	NME1
ATM	DYRK2
ALK	CDK13
AURKA	TLK2
MTOR	PRKCA
BRD4	CKM
AKT1	BRAF
MAPK1	MAPK3
AKT1	ERBB3
GSK3B	MTOR
AURKA	PLK1
CDK1	JAK3
EGFR	ROR1
BRAF	PAK2
CDK20	MAK
MAP2K1	MAP2K2
CDK1	LATS1
CDK19	CDK8
BRAF	LIMK1
CDK7	CDK9
BRAF	RAF1
IRAK3	IRAK4
BRAF	MAP2K1
MLKL	RIPK3
CSNK2A1	PRKACB
CDC42BPA	CDC42BPB
KDR	MET
ERBB3	ROR1
LRRK1	LRRK2
LYN	MAPK1
MAP2K7	MAP3K4
CSNK2A1	PRKDC
EGFR	RIOK1
MAP3K7	PRKAA1
PINK1	PRKDC
AKT1	HK1
LRRK2	RIPK2
LRRK2	RIPK1
MAP2K4	MAP3K5
BMPR2	TRIB3
LRRK2	STK24
PRKAA1	STK11
CSNK1D	KDR
CHEK2	LATS2
CDK2	HK1
CDK20	ICK
CHEK2	TRIM28
TNK2	YES1
FES	TRIM28
GRK5	STK38
EGFR	JAK1
LATS1	RAF1
JAK2	MAP3K5
AKT1	CAMK2A
AURKA	GSK3B
ABL1	BMP2K
GRK5	SRPK1
LRRK2	PRKDC
LRRK2	PRKCZ
LRRK2	MAP2K3
LRRK2	MAP2K6
LRRK2	MAP2K7
IKBKB	IKBKE
ICK	MAPK1
SGK1	WNK4
IRAK1	PRKCD
MAP3K4	RIPK2
LRRK2	MAP2K4
LATS1	MAST2
CHUK	IKBKE
AURKA	LATS2
GRK5	PRKDC
LRRK2	STK25
LRRK2	STK3
CDK2	PGK1
CDK2	PKM
GRK5	MAP4K4
CDK2	PRKDC
CDK1	WEE1
BUB1B	PLK1
GSK3B	MAP3K1
OXSR1	TGFBR2
ATM	CSNK1D
ATM	MAPK14
MARK2	PINK1
AKT1	WNK4
CDK2	TTN
GRK5	PIP4K2A
MAP3K1	MAPK9
CHEK1	LATS2
LRRK2	TAOK3
LRRK1	MAP4K1
MAPK8	MTOR
CHUK	RIPK1
AURKB	HASPIN
AURKB	BUB1B
MAP3K4	MAPK8
CDK2	LATS2
CDK2	TRIM28
CSNK2A2	PBK
FLT1	HCK
MAPK3	TEK
MAPK4	PFKP
EGFR	HCK
STK25	TAOK1
RPS6KA1	RPS6KA2
CSNK2A2	PIP4K2A
CAMK2D	SRPK1
AURKA	SRPK2
ILK	RAF1
CHUK	SRPK1
CDK20	NME2
CDK4	CDK6
HIPK4	PFKP
ILK	PFKP
DYRK2	DYRK4
MAPK11	MKNK1
MAPK12	SRPK1
PRKACB	TRIM28
LIMK1	SRPK1
RPS6KA1	RPS6KA3
CSK	FRK
CDK9	FGFR1
DYRK2	TTN
ERBB2	SRPK1
CDK5	DCLK3
PRKACA	PRKACG
CDK6	CDKL3
PHKG2	PRKDC
PAK1	PAK2
PDGFRA	SRPK1
NLK	PASK
RPS6KA1	TLK2
ILK	PRKDC
CSNK1A1	CSNK1D
CSNK1E	STK3
PRKACA	PRKACB
MAPK1	MAPK12
STK26	TAOK1
PRKCD	PRKCQ
CSNK1A1	CSNK1E
NLK	PKM
MAP3K3	MAPK1
ABL1	SRPK2
MKNK2	SRPK1
DYRK1B	PRKACA
EPHA3	SRPK1
PRKACA	TRIM28
CSNK2A2	PIP4K2C
LRRK2	SRPK1
AURKC	SRPK1
CDK16	CSNK2A2
CDK2	CDK3
SRPK1	SRPK3
SRPK2	VRK1
PTK2	SRPK1
PAK4	SRPK2
GRK2	GRK3
CLK1	SRPK1
CDK9	FGFR4
ERN1	SRPK2
CDKL3	SRPK1
CDK2	MAPK15
CSNK2A2	PIP4K2B
CDKL5	PRKG2
BRD3	SRPK2
MAPKAPK5	SRPK1
AURKA	IKBKB
GRK2	PHKG2
CDK2	FGFR1
EIF2AK2	STK4
FGFR1	PTK6
AURKA	CHUK
CSNK2A2	FGFR1
MAPK9	PKN1
PRKACB	PRKDC
CSNK1E	RPS6KA1
MAP3K7	TAOK1
RIOK2	TRIM28
CDK1	CDK7
RIOK2	SYK
CSNK2A2	TRIM28
CDK9	PRKDC
LATS1	PLK1
CAMK1	FGFR1
CDK2	CSNK2A1
CDK2	CSNK2A2
BRAF	MAPK1
CSNK1A1	PRKDC
CSNK1E	TRIM28
CDK5	PRKACB
MAPK7	PKM
CSNK1A1	PAK1
CSNK1A1	PAK2
FGFR1	ITK
CDK5	PLK1
PFKL	PFKP
CDK4	MAPK1
CDK4	MAP2K2
ILK	IRAK1
EGFR	PRKDC
EGFR	PIK3CB
EGFR	PFKP
EGFR	PFKL
AKT1	CSK
SYK	TBK1
CDK9	ULK1
CDK13	MAPK14
CDK1	FGFR1
TP53RK	TRIM28
LYN	PAK1
CHUK	MAP3K4
PHKG2	STK26
MAP2K4	MAP2K7
MAP2K4	MAPK1
EEF2K	TP53RK
PIK3C3	TRIM28
CDK12	TRIM24
ILK	SIK2
PRKAA1	TRIM28
CAMK1	CDK4
CSNK1E	PRKDC
LYN	PRKCB
CSNK1E	PKM
AKT3	GSK3B
EGFR	MTOR
ILK	PI4KA
ILK	PFKL
PHKG2	TRIM28
AKT2	MAP3K5
CDK9	OXSR1
PRKAA1	STK4
DYRK1A	MAP3K5
MAPK7	MYLK2
CDK4	ULK1
PHKG2	PTK2
STK26	TAOK3
CDK5	FGFR1
RPS6KA1	TTN
CSK	FGFR1
OXSR1	PRKDC
OXSR1	PRKACB
CHEK1	NEK2
EEF2K	PRKDC
EEF2K	TRIM28
CDK4	STK3
EIF2AK2	FGFR1
CSNK1A1	PIP5K1A
MAPK8	PKMYT1
PRKACA	SIK1
PRKAA1	PRKDC
CDK9	FGFR2
CDK9	CSK
JAK3	TYK2
MAPK10	PKMYT1
CSNK1A1	RIOK2
CDK5	CSK
MAPK14	NME1
CAMK1	CAMK1G
ACVR1	BMPR1A
GSK3B	MAP3K11
MAPK14	PRKCD
CSNK1E	FGFR1
PFKM	PFKP
CAMK1	PRKACA
CAMK1	PRKCD
CAMK1	PKM
AURKB	AURKC
CHUK	RIPK2
MAPK9	STK25
CAMK1	STK26
CDK5	FGFR2
ILK	TRIM28
CDK4	CSNK2A1
GSK3B	LRRK2
AKT1	PKM
FGFR1	PKM
KIT	SYK
BRSK1	PKM
JAK3	PKM
MAP4K2	PKM
FGFR4	PKM
MAPKAPK5	PKM
ERBB3	PIK3CB
PKM	RET
CAMK2B	PKM
NTRK3	PKM
BLK	PKM
FER	PKM
KIT	PTK6
LRRK1	MATK
MAPK3	PKM
NEK6	PKM
PKM	TAOK2
PKM	TBK1
LRRK2	PLK1
EPHB4	PKM
CHUK	PKM
LRRK2	TTK
ABL2	PKM
FGFR2	PKM
LYN	MET
HIPK1	PKM
BMX	PKM
BLK	KIT
IKBKE	PKM
EPHB3	PKM
PKM	TYRO3
LRRK2	PFKP
BLK	MET
MAP2K3	MAP2K6
LRRK2	PAK6
KIT	ZAP70
MARK2	PKM
DYRK3	PKM
NTRK2	PKM
EGFR	FGFR1
LRRK1	RET
JAK2	PKM
ALK	PKM
MAP3K2	PKM
LTK	PKM
PKM	STK4
EPHA8	PKM
CDK8	CDK9
MAP3K11	PKM
EPHA2	PKM
ABL1	LRRK2
LRRK2	STK40
CHEK1	PKM
MET	PKM
MET	YES1
CHEK2	PKM
LRRK1	PAK6
LRRK2	MATK
DYRK1B	PKM
FGFR3	PKM
CAMKK2	PKM
PKM	TEK
PKM	STK33
LRRK2	NEK1
MAP2K2	PKM
AKT3	PKM
GSK3A	PKM
PKM	TSSK2
EPHA1	PKM
MAP3K3	PKM
AURKC	LRRK2
FGFR2	LRRK1
LCK	MET
EPHA5	PKM
PKM	TTN
GAK	LRRK2
MET	SYK
MET	ZAP70
CSF1R	PKM
MAP2K1	PKM
ERBB2	PKM
KIT	PKM
DCLK2	PKM
MAPK12	PKM
CDK19	CDK9
LRRK2	PKM
PKM	ROS1
MAPK1	PKM
MERTK	PKM
IKBKB	PKM
NEK1	PKM
PKM	WNK2
EGFR	PKM
ABL1	PKM
AURKA	CSNK2A1
EGFR	VRK1
MAP2K6	MAPK1
FGFR1	RPS6KA3
HIPK4	RAF1
CSK	ZAP70
EGFR	PRKAA1
EGFR	PFKM
EGFR	PLK1
EGFR	PDK1
LATS2	STK4
CAMK1	MARK2
CDK15	ROCK1
ATM	CDK9
AURKA	TRIM28
ATM	TRIM28
AURKB	MARK2
EGFR	MAP2K2
EGFR	MAP2K3
EGFR	EIF2AK2
CDK20	RAF1
EGFR	RPS6KA3
EGFR	MAP2K4
LATS2	PAK4
EGFR	STK26
ABL1	LATS2
AURKA	MAPK6
EGFR	TBK1
EGFR	HK1
EGFR	HK2
LYN	TRIM28
EGFR	OXSR1
LATS2	NME7
NUAK1	PLK1
LATS2	TBK1
EGFR	FN3KRP
CDK4	JAK3
EGFR	RIOK2
SIK2	TRIM28
MAPK9	PRKCQ
PIK3CB	PIP4K2A
FER	YES1
MAPK14	RIPK2
JAK2	LCK
PIK3CA	PRKCI
FLT4	PIK3CA
BUB1	RPS6KA1
AURKA	PRKACA
BTK	JAK2
MAPK9	PRKCZ
PIK3CG	PIP5K1B
BUB1B	CHEK1
PRKACB	PRKCG
PIK3CD	PIP5K1C
JAK1	PIK3CG
KDR	PTK2
MYLK	PAK3
PIP4K2C	ROCK2
PDPK1	PIK3CB
IKBKB	IRAK2
AKT2	PIK3CD
PIK3CB	TYK2
PIK3CB	PRKCI
EPHA5	FYN
AKT1	PDK1
FLT1	PIK3CD
BMPR1B	ERBB2
FGR	LCK
MAP2K4	PAK5
MAP2K2	PRKCD
NTRK1	PIK3CA
ACVR2A	BMPR2
JAK3	PIK3CB
CSF1R	PIK3CG
RPS6KA2	RPS6KA3
FYN	HCK
MAP2K2	MAP3K1
MAPK3	PRKX
MYLK2	PAK6
PDPK1	PIK3CG
MAP3K5	MAP4K4
EPHA7	LCK
HCK	PTK2
ACVR1	ACVR1C
PIK3CG	PIP4K2A
KDR	MAP3K13
MAPK7	RPS6KA3
PRKCZ	RIPK2
MOS	PKMYT1
AKT3	IKBKB
RPS6KA2	RPS6KA6
MAP3K2	PAK1
PI4K2B	PIK3C2A
IGF1R	PIK3CD
PRKCQ	SRC
FLT4	PIK3CD
EPHA5	EPHA7
GSK3B	PRKACG
PCK2	PRKAA2
PRKCZ	RIPK1
FYN	PIK3CB
ERBB4	PIK3CB
MAPK13	MAPK14
MAP2K1	SRC
CSF1R	PIK3CB
PIK3CD	PRKCI
FES	FYN
MAPK7	PRKCD
CAMK2A	JAK1
MET	PIK3CG
MAPK3	PRKACG
PI4KA	PIK3C2A
MET	PIK3CB
PRKACG	TRIM28
PDK1	PRKCZ
INSR	PRKCI
CAMKK1	PRKAA1
IRAK1	MAP3K1
FYN	JAK1
MAP3K1	RIPK1
IKBKB	MAP3K8
MAP2K1	PIK3CA
KDR	PIK3CD
PIP4K2B	ROCK1
MAP2K1	PIK3CD
IGF1R	PIK3CG
NTRK1	PIK3CB
PIP4K2A	PIP5K1A
PIK3CA	SRC
CAMK2B	MAP3K5
AKT1	AURKA
MAP2K6	TAOK1
IKBKB	RIPK2
PAK6	RAF1
FGR	PIK3CA
MAP2K4	ROCK2
CDK5	EPHA5
MAP2K6	MAP3K2
PIK3C2A	PIP5K1B
AKT1	PIK3CD
RPS6KA4	RPS6KA5
ABL1	EPHA8
MAP3K1	MAP4K1
IGF1R	PRKX
PIK3CA	SYK
MAPK12	RIPK2
KDR	PIK3CG
ERBB2	TGFBR1
PRKCG	RAF1
LCK	PRKCZ
FYN	LCK
PIK3CG	PIP4K2B
TAOK1	TAOK2
ERBB3	PIK3CD
SRC	YES1
HCK	PIK3CA
PDK1	PIK3CB
PDPK1	PIK3CD
PIK3C2A	PIP5K1A
ACVR2A	ACVR2B
PKMYT1	RPS6KA1
PIK3CB	SRC
PIK3CB	PIP5K1C
PDK1	PIK3CA
PRKCG	PTK2
IGF1R	PRKACB
PIK3CB	ZAP70
PIK3CD	PIP4K2B
EPHB1	FYN
MYLK	PAK6
MAP3K2	PRKCD
ARAF	PRKCG
ERBB4	PIK3CD
MAP3K1	MAP3K7
MAPK7	RPS6KA1
ERBB4	PIK3CG
PIK3CA	STK11
AKT2	PIK3CB
ABL1	NTRK3
JAK3	MAPK14
CAMK2A	MAP3K7
PRKCG	PTK2B
PKMYT1	RPS6KA2
PIK3CB	PTK2
ERBB4	PIK3CA
BUB1	RPS6KA2
ACVR2B	BMPR2
ERBB3	PIK3CG
JAK1	PIK3CB
PIK3CD	PIP4K2A
RPS6KA2	RPS6KA4
BTK	FGR
IGF1R	MAPK3
ERBB2	MAPK3
MAP2K2	MOS
MAP2K4	PRKCD
CSF1R	PIK3CA
CAMK2B	JAK2
FGR	PIK3CB
PI4KA	PIP5K1C
BMPR1B	MAP3K7
MAP2K6	TAOK3
PIK3CD	TYK2
BTK	LCK
MAPK3	MAPK7
EPHA1	FYN
MAPK3	PRKACA
CAMK2A	MAPK3
PIP4K2A	PIP5K1B
FLT1	PIK3CA
AKT3	PDK1
PIK3CA	ZAP70
EPHB2	LCK
JAK3	PIK3CD
FGR	PIK3CG
GSK3B	PRKX
PDGFRA	SRC
PIK3CD	PIP5K1A
FER	PDGFRB
MAP3K1	MAP3K11
MAP3K12	MAPK14
IGF1R	PRKACG
FGR	PIK3CD
MAP3K3	PRKCD
BUB1	RPS6KA3
PIK3CB	PRKCZ
ABL1	EPHB6
PRKCH	PRKCQ
MAP2K1	PIK3CB
PIP4K2B	ROCK2
PRKCZ	ROCK2
HCK	SYK
BTK	PIK3CB
CDK2	PKMYT1
JAK1	MAPK14
ACVR1	ACVR2B
PIK3CG	PRKCI
MYLK2	PAK4
HCK	PIK3CG
CAMK2B	JAK1
PI4K2B	PIP5K1B
JAK3	MAP2K1
PRKCH	RAF1
MAP3K4	PRKCD
AKT1	JAK1
JAK1	MAPK9
JAK3	MAPK3
BUB1	RPS6KA6
AKT1	PIK3CG
JAK3	PIK3CG
MAP3K7	MAPK9
PIP4K2C	PIP5K1B
MAPK14	SRC
MAP2K6	MAP3K6
IGF1R	PIK3CB
HCK	PIK3CD
PKMYT1	RPS6KA6
PIK3CB	PIK3CG
JAK3	SYK
PI4KA	PIP5K1A
PIP4K2C	ROCK1
MAP2K1	MAP2K4
PKMYT1	RPS6KA3
AKT2	PIK3CG
FGR	MAPK14
PDGFRB	PRKCD
PI4KA	PIP5K1B
PAK4	YES1
AKT3	PIK3CA
AKT3	PIK3CG
IGF1R	PRKACA
CAMK2B	MAP2K6
PIP4K2A	ROCK1
PIK3CA	TYK2
ABL1	EPHB3
PAK5	RAF1
TAOK1	TAOK3
JAK1	PIK3CD
MAP3K2	SRC
RPS6KA4	RPS6KA6
JAK1	JAK2
ACVR2B	BMPR1B
HCK	PTK2B
JAK2	PIK3CA
KDR	PTK2B
FLT1	PIK3CB
IGF1R	RPS6KB1
IKBKB	MAP4K4
BMPR1B	TGFBR2
AKT1	JAK3
PRKCD	PRKCH
HCK	MAPK14
FGR	HCK
IGF1R	PIK3CA
ABL1	EPHA7
MAPK3	RPS6KA5
NTRK1	PIK3CD
PDK1	PIK3CD
JAK2	TYK2
PI4K2B	PIP5K1A
PRKCG	PRKX
MAPK3	RIPK2
ERBB2	PIK3CG
RPS6KB1	TGFBR2
AKT3	PIK3CD
NTRK1	PIK3CG
JAK3	PIK3CA
ABL1	NTRK2
PIK3CB	SYK
AURKA	BUB1B
PDK1	ROCK1
HCK	LCK
RPS6KA5	RPS6KA6
PAK4	SRC
AKT3	ILK
PI4K2B	PIK3C3
MAPK3	PRKACB
MAPK14	PRKG1
RPS6KB1	TGFBR1
RPS6KA1	RPS6KA4
PIK3CG	PIP5K1A
MAP2K6	MAP3K1
FLT4	PIK3CB
PRKCG	SRC
HCK	ZAP70
ILK	PIK3CA
EPHA6	FYN
PIK3CD	SRC
PDPK1	PIK3CA
PDK1	PIK3CG
PIK3CG	PTK2
PCK2	PRKAA1
MAP3K1	PRKCD
FLT4	PIK3CG
CDK2	MAPK3
BMPR2	MAP3K7
EPHB1	MAP2K1
BTK	ZAP70
ABL1	EPHA1
JAK1	MAPK3
JAK1	PIK3CA
MAPK13	RIPK2
INSR	RPS6KB1
PI4K2B	PIP5K1C
ARAF	PRKCH
PIK3CB	PIP4K2B
PIK3CA	TXK
PIP4K2C	PIP5K1A
JAK3	MAPK9
CDK5	EPHA7
ULK1	ULK2
AKT2	MAP3K8
LCK	PIK3CB
RPS6KA1	RPS6KA5
AKT1	PIK3CB
AKT3	FLT1
PIK3CD	ZAP70
PIK3CG	SRC
KDR	PIK3CA
MAP3K1	MAP4K3
MAPK12	ZAP70
ABL1	EPHA5
MAPK3	PRKCQ
ERBB3	MAP2K1
PIK3CD	SYK
AKT3	PIK3CB
FYN	LIMK1
MAP3K7	MAPK13
MAP2K1	PAK5
MAP2K2	PIK3CD
MAPK3	PIK3CA
CAMK2B	MAPK3
LYN	PRKCG
ERBB2	RIPK1
EPHB1	SRC
JAK2	MAP3K11
YES1	ZAP70
JAK1	MAP3K1
FER	KIT
ABL1	YES1
PRKCI	RIPK1
EPHA6	SRC
EPHA6	FGR
EPHA1	SRC
MAP4K1	ZAP70
HCK	JAK1
LCK	YES1
MAPK14	YES1
EPHA7	HCK
EPHA7	YES1
EPHA1	HCK
IRAK1	MAP4K4
EPHB1	MAP4K4
EPHB2	HCK
EPHA1	FGR
FLT4	MAP2K4
EPHA3	FGR
HCK	PDGFRB
LCK	PDGFRB
EPHB1	FGR
PDK1	SRC
FES	KDR
EPHA1	YES1
BUB1B	TAOK1
ATM	TAOK1
MAP3K5	RIPK1
ATM	TAOK2
LCK	MAP4K1
BUB1	TAOK1
LCK	SRC
EPHA3	YES1
EPHA5	FGR
JAK1	MAP3K11
PRKCI	RIPK2
EPHA5	SRC
MAP4K4	RIPK1
EPHB2	FGR
BTK	SRC
RIPK1	TGFBR2
FLT3	PIM1
EPHA7	FGR
EPHB1	HCK
PDK1	PDPK1
EPHA5	HCK
ACVR1	ACVRL1
AURKB	TTK
CDK15	MARK2
CDK1	CDK3
MAP3K1	NEK10
MAPK7	PRKCZ
MAPK14	MYLK3
AXL	TYRO3
TGFBR2	TYK2
NME1	PRKAA1
EGFR	NTRK2
MAPK12	MAPK13
BRSK1	PAK1
EGFR	PRKCE
EGFR	MAPK8
EGFR	PRKCZ
EGFR	PIM1
MTOR	SGK1
EGFR	PDGFRA
CDK14	ICK
CDK6	EIF2AK1
CSNK1G1	CSNK1G2
EGFR	MAPK9
EGFR	RET
EGFR	RAF1
CDK16	CDK17
CDK16	CDK18
MAPK12	MYLK3
CDK16	PKM
INSR	PRKAA1
INSR	PRKAA2
CAMK2A	CAMK2G
CDK1	ICK
CLK2	SRPK2
STK25	TAOK2
EGFR	FRK
EGFR	FGR
CDK13	NEK3
CAMK1D	CAMK1G
CDK14	CDK17
CDK1	CDK17
ALK	SRC
PIP5K1A	PIP5K1C
CAMK2D	EPHA10
AURKA	PEAK1
MYLK2	RPS6KA4
EGFR	ITK
CDK18	FGR
AKT1	TBK1
CDK9	FGR
ABL1	PRKCZ
CDK13	DSTYK
MOS	STK26
CHUK	MTOR
EGFR	MAP3K3
ARAF	TRIM28
PDK1	PDK3
ILK	VRK2
PAK4	PAK6
AURKA	PASK
AURKA	SCYL1
PAK4	PAK5
CDK2	LATS1
CDK16	ICK
GSK3B	MAP3K4
MAPK14	PRKY
MAST3	PRKAA1
MAST3	TRIM28
MOS	STK25
MAPK3	PRKY
IKBKB	MTOR
MAPK1	TTN
AURKA	MAP2K1
FLT3	SYK
AKT1	BUB1
CSNK1A1	LRRK2
AXL	EGFR
ERBB2	MAP2K1
PAK1	PIK3CB
EGFR	MAPK3
BUB1	CDK8
CSNK1G1	LRRK2
AKT1	STK11
BUB1	MAPK3
CSK	PDPK1
STK11	STK24
CSNK1G2	LRRK2
PDXK	PIP5K1B
MTOR	PDK1
CLK1	TP53RK
CDK19	STK38
GAK	TNK2
IP6K3	MAP3K3
CDK2	DAPK3
NTRK1	PRKD2
ABL1	PAK4
ATM	MINK1
NTRK1	TBK1
CSNK2A1	PIP4K2C
CLK1	MAP3K21
PKN2	SYK
PDGFRA	TNK1
CDK8	STK38
CLK1	PRKDC
CAMKK1	CSNK1E
CDK1	CDK13
CLK1	PIP4K2B
CLK1	PRPF4B
AURKA	PFKM
STK24	TLK2
PRKD2	PRKD3
CSNK2A1	PIP4K2A
PLK4	TTK
BUB1B	NEK2
GAK	PIK3C2A
MAPK1	PFKM
ALK	PRKCQ
NTRK1	RIOK1
NTRK1	PIKFYVE
STK17B	TRIB1
CLK1	IP6K1
EPHA2	TGFBR1
NTRK1	PPIP5K2
MAPK9	STK26
GAK	TNK1
NTRK1	TLK2
NTRK1	SCYL2
NTRK1	OXSR1
CDK1	CHEK1
NTRK1	SLK
PRKCD	PRPF4B
NTRK1	SCYL1
NTRK1	TAOK1
PFKL	PKM
PFKP	PKM
MAP3K7	PDPK1
NTRK1	TTK
NTRK1	TTN
NTRK1	TRIO
NTRK1	ROCK2
GAK	WNK1
NTRK1	TRIM24
NTRK1	PRPF4B
NTRK1	PAK2
NTRK1	PDGFRA
NTRK1	PDGFRB
NTRK1	PCK2
NTRK1	RET
NTRK1	PTK7
NTRK1	PTK2
NTRK1	PRKDC
NTRK1	PKN1
NTRK1	PRKCA
NTRK1	PRKACB
NTRK1	PRKAA1
NTRK1	PFKP
NTRK1	PFKM
NTRK1	PFKL
NTRK1	PGK1
NTRK1	PI4KA
NTRK1	PIK3C3
NTRK1	PIK3C2A
NTRK1	PKM
NTRK1	PLK1
CLK1	STK31
NTRK1	RPS6KA3
NTRK1	RPS6KA1
MAPK1	TRIM28
NTRK1	ROCK1
NTRK1	SRC
NTRK1	SRPK1
NTRK1	SRPK2
NTRK1	SYK
BRD2	CSNK2A1
NTRK1	NTRK3
NTRK1	ROR2
NTRK1	TRIM28
NTRK1	PAK4
NTRK1	PIK3R4
PAK1	RPS6KB1
LCK	LYN
PAK1	PRKCZ
RIPK4	TYK2
CHEK2	CSNK2A1
MAPK6	RAF1
KSR1	SCYL1
KSR2	PRKAA1
HK1	SRC
NEK1	NEK5
CHUK	MAP3K21
IKBKB	MAP3K21
KSR1	PIP5K1A
KSR1	YES1
RIPK4	STK3
KSR2	MAP2K2
CHEK2	CSNK2A2
KSR1	PFKM
NEK7	SCYL1
KSR2	ROCK2
AKT2	PDK1
PIP4K2A	STRADA
DYRK2	TBK1
MAPK1	PLK1
PRKACB	PRKACG
CAMKV	PIP4K2C
EGFR	TTN
AURKA	BTK
EPHA1	PRKDC
CAMKV	PKN2
PDIK1L	SRC
EGFR	SCYL1
FYN	PRKCI
FYN	RPS6KA1
FYN	RPS6KA2
FYN	RPS6KA3
PRKG1	PTK2
EGFR	PAK4
PHKG2	PRKAA1
PLK1	TBK1
HK1	HK2
ADCK2	PDK2
CAMK2D	NEK1
CSK	MATK
BTK	MAP3K4
AURKC	CDK5
EGFR	LTK
AKT1	SRPK2
EGFR	IRAK1
EPHA1	SMG1
CSNK1G2	CSNK1G3
MAP4K3	MAP4K5
SIK1	SIK2
SIK1	SIK3
CDK16	CSNK2A1
EPHA1	STK17B
CLK2	PRPF4B
AKT1	PTK2
EGFR	MAPK15
AURKB	PKM
PIP4K2A	STRADB
EGFR	SCYL2
PAK5	PLK1
FGFR2	IP6K1
EGFR	MAST2
EGFR	TNIK
EGFR	SMG1
CAMK2D	MOK
IP6K2	PGK2
PIP4K2A	PIP4K2C
PIP4K2A	STK11
PRKCA	PRKCB
PRKCA	PRKCH
PRKCA	PRKCG
EGFR	NEK8
FGFR2	RPS6KA1
FGFR2	RPS6KA3
FGFR2	RPS6KA2
GSK3B	MAP3K2
CDK14	FGR
CAMK2D	PIP5K1A
MLKL	RIPK1
FGFR1	YES1
CDKL1	CDKL4
CAMK2D	CAMK2G
CDK9	CSNK2A1
FGFR2	FGFR3
ERN1	RIPK1
PIP4K2A	PIP4K2B
PAK2	PRKD1
PRKCD	RPS6KB2
PRKCD	PRKD1
PRKCD	VRK1
PRKCD	TRIM28
PIM2	PKM
CAMK2A	MYLK
CAMK2A	WEE2
CAMK2A	PTK2
CSNK2A1	PAK1
CSNK2A1	RPS6KA5
CSNK2A1	MAPK9
CSNK2A1	IP6K2
CSNK2A1	SRPK1
CSNK2A1	MUSK
CSNK2A1	MAPK1
CSNK2A1	RIOK1
CSNK2A1	WEE1
CSNK2A1	RPS6KA4
AURKA	LIMK2
PDGFRB	PTK2
PDGFRB	TNK2
CDK7	ICK
FYN	PRKCD
PRKAA1	ULK1
PRKAA1	SYK
CAMK4	SIK2
PRKDC	STK11
MAPKAPK2	RIPK1
CAMK1	SIK2
CAMK1	SIK1
CAMK1	CAMK2A
AKT1	SIK2
AKT1	MAP3K12
AKT1	PIKFYVE
PRKCB	RPS6KB2
LYN	PTK2
MAPK11	PRKCE
MAPKAPK2	RPS6KA3
MAPKAPK2	WNK4
MAPKAPK2	PLK1
MAPKAPK2	TRIM28
AKT2	SIK2
MAP2K5	MAPK7
CHEK1	CLK3
CHEK1	CSNK1D
CHEK1	SRC
CHEK1	HCK
CHEK1	NEK11
CHEK1	STK4
CHEK1	MAP2K2
CHEK1	TRIM28
CHEK1	TLK2
CHEK1	SYK
CHEK1	MINK1
CHEK1	MAP2K1
CHEK1	TNK1
PRKACA	ULK2
PRKACA	STK26
PRKACA	STK38
PRKACA	RET
PRKACA	PRKD1
PRKACA	TTN
PRKACA	PTK2
PRKACA	STK24
PRKACA	SGK1
PRKACA	SIK2
PRKACA	WEE2
MAPK3	TTK
MAPK3	PIP5K1C
MAP2K1	MAPK3
MAP2K1	MAPK1
CSNK1D	DCK
CSNK1D	WEE1
CAMK2B	GSK3B
CAMK2B	PRKAA1
CAMK2B	GSK3A
MAP2K7	MAPK10
SRC	STK4
SRC	WNK4
SRC	TGFBR2
PRKCI	RPS6KB2
PRKCE	PRKD1
FGR	PTK2
FGR	TBK1
RPS6KA1	STK11
CDK1	MAP2K1
CDK1	PAK1
CDK1	RPS6KB1
CDK1	MAPK6
CDK1	LRRK1
CDK1	PIK3C2A
CDK1	TEX14
CDK1	CSNK2A1
CDK1	NME2
CDK1	NME1
CDK1	EGFR
CDK1	PKN2
CDK1	PIP5K1C
CDK1	PDPK1
CDK1	STK3
CDK1	MAPK3
CDK1	HASPIN
CDK1	NUAK1
CDK1	PIK3C3
MAPKAPK5	WNK4
CHEK2	TTK
CAMK2D	TTN
GRK6	IGF1R
MAPKAPK2	MYLK2
IGF1R	PDPK1
BRSK2	PRKAA1
BRSK2	CDK16
MAP3K6	MAPK8
MAP3K6	MAPK14
PRKD1	SYK
MAP3K7	PRKAA2
MAP3K7	RIPK1
CAMKK2	PRKAA1
AKT1	PRKAA2
AKT1	PRKAA1
CLK2	CSNK1D
SGK1	WNK1
JAK1	MAP3K5
CDK1	SRC
ABL1	MYLK
ABL1	ATR
ABL1	MET
ABL1	BMPR1A
ABL1	STK3
ABL1	PLK1
ABL1	PDGFRB
ABL1	MAPK14
ABL1	HIPK2
ABL1	PDK1
GSK3B	PRKAA1
GSK3B	STK38
GSK3B	SIK1
GSK3B	PKM
GSK3B	MYLK
GSK3B	WEE1
GSK3B	PRKCE
BMX	FGFR1
BMX	PTK2
BMX	TNK2
BMX	PAK1
BMX	MET
MAPK1	PRKCA
MAPK1	MAST4
MAPK1	MAST2
MAPK1	PTK2
MAPK1	RPS6KB1
MAPK1	MAST1
MAPK1	MAPKAPK2
MAPK1	STK10
MAPK1	RIPK3
LCK	SYK
LCK	STK11
LCK	MAPK14
LCK	TBK1
PDPK1	PIP5K1C
PDPK1	TSSK3
MAP3K5	MAPK8
MAP3K5	MAPK14
MAP3K5	PDPK1
CSNK2A2	SRPK1
LRRK2	MAP3K5
MAPK14	ULK1
MAPK14	PIP4K2B
MAPK14	MKNK1
MAPK14	MAPKAPK2
MAPK14	ZAP70
MAPK14	PAK6
MAPK14	PRKCE
AKT3	DAPK2
CDK2	CHEK1
CDK2	CDK7
CDK2	CDK9
CDK2	GRK2
MAP2K3	MAP3K3
PRKG1	TTN
MAPK1	MYLK
MAPK1	RPS6KA3
MAPK1	MKNK1
MAPK1	RPS6KA5
MAPK1	MAPKAPK5
MAPK1	PGK1
MAPK1	TTK
MAPK1	MAPK7
MTOR	RPS6KB1
MTOR	STK4
MET	MST1R
MET	PTK2
FGFR1	FGFR3
PRKD1	PRKD2
JAK2	PAK1
JAK2	MAPK1
JAK2	PDK1
JAK2	MAPK3
MELK	PDPK1
MAP3K3	RIPK4
MAPK3	PRKCA
MAPK3	MAPKAPK2
MAPK3	PTK2
PRKCH	PRKD2
PLK1	RIOK2
PLK1	ROCK2
PLK1	TEX14
CDK19	PAK1
LCK	MAPK1
LCK	MAPK3
CDK5	PIK3C3
CDK5	RPS6KB1
CDK5	MAP2K2
CDK5	PTK2
CDK5	KALRN
CDK5	KDR
CDK5	STK24
CDK5	LRRK2
WNK1	WNK4
FGFR3	RPS6KA3
MAP2K6	PAK6
FER	MET
MAP2K1	RAF1
PAK1	PRKD1
CDK6	PKM
PTK2	RET
GRK2	MAPK14
GRK2	IGF1R
MAP3K2	RIPK4
ITK	TEC
CSK	YES1
MTOR	ULK1
MTOR	OXSR1
MTOR	WNK1
CSNK1A1	PTK2
CDK5	MAP3K1
CDK5	NTRK2
STK24	STK38L
PRKCE	PRKD2
CSNK2A1	SLK
ATR	PRKDC
ATR	DCK
ABL2	PDGFRB
HCK	TBK1
MAP3K11	PRKAA1
RPS6KB1	TRIB2
PAK1	TIE1
MAP3K8	PLK1
MAP3K8	RPS6KA1
MAPK9	MAPKAPK5
MAPKAPK3	WNK4
CAMK2A	CAMK4
CAMK2A	KALRN
CAMK2A	ERBB2
FGFR1	PDK1
ATM	DCK
ATM	BUB1
FYN	STK11
FYN	TRIO
FYN	PRKAA2
FYN	MAPK14
FYN	PTK2
PRKCA	PRKCE
PRKCA	TTN
PRKCA	PRKD3
PRKCA	RPS6KB2
PRKCA	RET
PRKCA	TGFBR1
PRKCA	PRKD1
PRKCA	PRKG1
PRKCA	PRKD2
PHKG2	SIK3
CDK5	ERBB2
AURKB	PRKDC
AURKB	MYLK
AURKB	PLK1
PRKCZ	PRKD1
PRKCZ	RPS6KB2
MAP4K3	PRKCQ
CDK11A	CDK11B
MAPK8	STK4
MAPK8	PKM
AKT2	CLK2
AKT2	PIP5K1C
PBK	TP53RK
BRAF	TTK
PRKCG	RPS6KB2
PRKCG	STK17B
FLT3	PDK1
PRKCZ	STK11
PLK3	VRK1
CAMK1	CAMKK1
AXL	LYN
AXL	HCK
AXL	SRC
AXL	LCK
AXL	FYN
AXL	YES1
BRSK1	PRKAA1
AKT3	BRAF
RPS6KA5	WNK1
RPS6KA5	TRIM28
EGFR	PRKCD
EGFR	PTK2
EGFR	PIP5K1C
EGFR	LRRK1
EGFR	IKBKE
AKT1	BTK
AKT1	MTOR
AKT1	EGFR
AKT1	CSNK1D
AKT1	TP53RK
AKT1	CLK2
AKT1	NUAK1
AKT1	TIE1
AKT1	STK3
AKT1	ULK1
AKT1	CDK2
AKT1	WEE1
AKT1	PIP5K1C
AKT1	HK2
AKT1	EIF2AK3
AKT1	PKMYT1
AKT1	EPHA2
AKT1	CSNK2A1
LYN	PEAK1
BTK	ITK
BTK	TEC
GRK2	PDGFRB
LYN	RAF1
PRKCA	SIK1
ABL1	ROS1
MTOR	RPS6KB2
MAPK13	MAPKAPK3
CDK11B	PAK1
ACVR1	CDK14
BMPR1B	CDK14
CDK17	TGFBR1
CDK14	TGFBR1
TGFBR1	TSSK1B
CDK1	TGFBR2
TGFBR2	TSSK1B
MAP3K1	RAF1
MAP3K1	MAPK1
MAP3K7	TGFBR1
PRKG1	RAF1
RET	SRC
ATM	ATR
FGFR1	PIK3CA
FGFR3	PIK3CA
MAPK3	SRC
MAPK1	SRC
CHUK	MAP3K14
RAF1	SRC
ACVR1C	ACVR2A
ACVR1C	ACVR2B
ACVR2B	BMPR1A
ACVR2A	BMPR1B
ACVR2A	BMPR1A
CAMK2B	CAMK2G
CDC7	CDK2
CHKA	CHKB
MAP3K7	PRKCQ
FYN	SYK
ATM	CDK2
PAK3	SRC
PAK1	SRC
FYN	PAK3
FYN	PAK1
JAK2	LYN
ERBB2	ERBB4
FYN	PIK3CD
FYN	PIK3CA
FYN	LYN
EGFR	LRRK2
EGFR	PTK6
LRRK2	PTK6
PTK2	SRC
MET	SRC
JAK2	PIK3CD
JAK2	PIK3CB
JAK1	JAK3
JAK1	SYK
IRAK1	IRAK4
JAK2	JAK3
IRAK1	IRAK2
IRAK2	IRAK4
BTK	IRAK2
BTK	IRAK1
JAK2	KIT
JAK3	PTK2B
MAPK6	MAPKAPK5
IKBKB	IRAK1
ERBB2	ERBB3
NTRK3	SRC
SRC	TRIO
AKT1	PDPK1
PIK3C3	PIK3R4
PIP4K2B	PIP4K2C
RAF1	SGK1
RAF1	SGK3
RAF1	SGK2
MAPK3	MARK3
MAP2K2	RAF1
MAPK1	MARK3
MARK3	RAF1
MAP2K2	MARK3
MAP2K1	MARK3
KSR1	MAPK3
RIPK1	RIPK3
BRAF	NTRK1
FES	PAK1
FES	PAK3
FES	PAK2
FYN	PAK2
TGFBR1	TGFBR2
CHEK1	KIT
FES	KIT
FYN	KDR
KDR	PIK3CB
KDR	SRC
KDR	PAK2
AXL	PIK3CB
AXL	PIK3CA
BRAF	MAPK3
BRAF	MARK3
BRAF	KSR1
NEK6	NEK9
ERBB2	MATK
ERBB3	MATK
ERBB4	MATK
EGFR	MATK
ERBB4	PTK6
ERBB3	PTK6
IRAK2	MAP3K7
KALRN	MAPKAPK5
KIT	PRKCA
BTK	IRAK4
CDK4	PTK6
AKT1	PTK6
MAPK11	MAPKAPK2
MAPK11	MAPKAPK3
MAPK14	MAPKAPK3
ARAF	BRAF
CSNK1A1	GRK2
AKT1	RPS6KB2
MAP2K3	MAPKAPK3
MAP2K3	MAPK11
MAP2K6	MAPKAPK3
MAP2K3	MAPKAPK2
MAP2K6	MAPKAPK2
MAP2K6	MAPK11
MAP2K6	MAPKAPK5
MAP2K3	MAPKAPK5
BMPR1A	BMPR1B
ATR	CDK2
ATR	CDC7
ROCK2	SRC
ROCK1	SRC
CDK1	MASTL
CDK1	NEK9
MAPK7	RPS6KA2
MAPK1	RPS6KA2
KIT	PIK3CA
MAP2K6	PIP4K2B
MAP2K6	PIP4K2A
CHUK	IRAK1
PAK2	PAK3
PAK1	PAK3
PDPK1	PRKCA
PDPK1	RPS6KA2
LYN	PRKCQ
SYK	TEC
CAMK2A	JAK2
CAMK2G	JAK2
CAMK2D	JAK2
CAMK2G	JAK1
CAMK2D	JAK1
CHEK1	WEE1
CDK5	FYN
AKT1	TRIB3
MAPK11	RPS6KA5
CSK	INSR
CSK	IGF1R
MAPK1	NEK2
NME1	NME3
MAP3K3	MARK2
ACVR1	BMPR2
ABL1	ATM
CHEK1	PRKDC
LCK	PIK3CA
MAPK14	STK39
KSR2	MAP3K8
EGFR	PRKCA
FLT1	KDR
MAPK14	MAPK3
GRK2	PRKCB
BTK	PRKCB
ARAF	PBK
CDK11A	PAK1
MAPK3	RPS6KA4
PDK1	PDK2
EPHB2	STK26
FYN	JAK2
AKT1	MAPKAPK2
LCK	PTK2B
RAF1	STK26
CDK1	LYN
LIMK1	PAK4
MAP3K14	MAP3K8
JAK1	TEC
JAK2	TEC
ABL1	PRKDC
MAPK1	PRKCE
FYN	PRKCQ
KIT	YES1
BTK	PRKD1
MAPK9	PRKD1
MAPK8	PRKD1
IKBKB	MAP3K13
EGFR	JAK2
PRKCD	RIPK4
JAK2	PTK2B
EGFR	PTK2B
EGFR	SRC
KIT	TEC
PRKCI	SMG1
ALK	JAK3
CAMK1	CAMKK2
SRC	SYK
CHUK	PRKDC
ABL1	MTOR
MTOR	PRKCD
CHEK2	PLK3
EGFR	PRKACA
FYN	RAF1
BTK	LYN
PRKCB	RIPK4
PRKCD	PTK2B
FYN	NTRK2
LYN	PRKDC
INSR	PRKCD
LYN	TYK2
INSR	INSRR
CSF1R	YES1
CHEK2	PLK1
EPHA8	PIK3CG
ERN1	TAOK3
AKT1	PKN2
KIT	MATK
KIT	LYN
LYN	PIK3CG
EIF2AK2	MAP3K5
AKT3	PRKCZ
PRKCZ	SRC
BMX	SRC
LIMK1	LIMK2
CSK	PTK2
MAP3K5	MAP3K6
EGFR	ERBB3
EGFR	RIPK1
EGFR	MAP3K14
EGFR	PDGFRB
ABL1	NTRK1
FYN	TYK2
FYN	TNK2
FYN	PTK2B
ARAF	MAP2K2
CDK2	LYN
CDK2	PRKCH
IKBKB	MAP3K14
AKT1	ILK
CHUK	MAP3K7
MAP3K5	MAP3K7
IKBKB	MAP3K7
JAK1	RAF1
ABL1	EPHB2
ABL1	SRC
EGFR	PDK3
STK11	STRADB
MAPK14	MKNK2
MAP4K4	PRKCE
WNK1	WNK2
MAP3K10	MAP3K21
CDK2	CHEK2
HIPK2	NLK
NME1	NME2
CHUK	PRKCI
EGFR	TNK2
MAPK3	PFKM
IKBKB	MAPK14
MAPKAPK2	MAPKAPK5
AURKB	LATS2
AXL	TNK2
MAPK9	PRKDC
MAP3K3	MAP3K7
CHUK	SRC
IKBKB	SRC
CHUK	MAP3K1
IKBKB	MAP3K1
MAP2K4	MAP3K1
MAP3K1	MAP4K2
MAP3K3	RIPK1
MAP2K6	MAP3K4
MAP2K3	MAP3K4
MAP2K7	MAP3K1
MAP2K4	MAP3K4
IRAK1	IRAK3
BUB1	PLK1
ERBB4	TRIM28
BTK	SYK
MAP3K1	STK38
MAP3K2	STK38
DAPK1	LRRK2
DAPK1	LRRK1
MARK3	PIM1
HCK	TNK2
PAK2	SRC
MAP3K7	ROR2
EGFR	FER
MAP3K7	TGFBR2
GSK3B	MAPK1
AKT1	PINK1
GSK3A	PRKACA
GSK3B	PRKACA
MAP3K7	RIPK2
MAP3K7	TAOK2
MAP3K7	PINK1
DAPK1	MAPK3
IRAK1	PINK1
MAP2K4	MAP3K7
MAP2K6	MAP3K7
BRAF	PRKCE
BRAF	RPS6KB2
CSNK2A1	RIOK2
EGFR	FES
ERBB2	FGR
ERBB2	FER
ERBB2	JAK1
ERBB2	TEC
ERBB2	TXK
ERBB3	TXK
EGFR	ZAP70
ERBB3	ZAP70
EGFR	SYK
ERBB2	SYK
ERBB3	SYK
ERBB3	JAK3
ERBB2	ITK
ERBB3	ITK
ERBB2	SRC
CASK	PLK2
PFKP	WNK1
NEK6	PAK6
NME2	NME4
ACVR1B	PRKACB
CDC7	CDK9
MAPK8	MKNK2
CDK17	PRKACG
PDGFRA	TGFBR2
PFKL	PFKM
CDK1	PAK6
CDK1	MLKL
GSK3B	SGK3
MAP4K4	NME7
MAP3K7	SIK3
MAP3K7	SIK1
MAPK4	MAPKAPK5
CDK1	PKMYT1
CDK11A	CSNK2A1
CDK11A	CSNK2A2
SRPK2	TTN
SRPK1	STK26
LATS1	LATS2
NTRK1	TNK2
NTRK2	TNK2
NTRK3	TNK2
MAP3K2	MAP3K3
AKT1	PRKCZ
AKT2	PRKCZ
CLK3	SRPK2
MAP3K1	MAPK3
EGFR	MAP4K1
CSNK2A1	CSNK2A2
MAPKAPK3	PRKY
MAPK8	MAPK9
STK40	TRIB1
ACVR1	ACVR1B
MAP2K4	MAP3K3
AKT1	TNK2
AK2	NME2
AKT1	PRKCB
ERBB2	STK24
BRD2	CSNK2A2
AKT1	SRC
AKT1	RPS6KB1
MAP2K3	TAOK2
MAP2K6	TAOK2
MAP3K3	PRKACA
MAP3K7	NLK
MAPK3	RET
MKNK1	PAK2
HCK	PIK3CB
IKBKB	LATS2
PBK	SRC
ATR	CHUK
ERBB2	PTK2
GSK3B	TBK1
ERBB3	PTK2B
CHEK1	IGF1R
ALK	CDK9
IGF1R	PRKDC
MTOR	PDGFRA
BRD4	FGFR3
MTOR	PRKDC
CHEK1	MTOR
CHEK2	ERBB2
IGF1R	MTOR
CHEK1	PIK3CA
CDK9	ROR1
BRAF	FGFR2
BRD4	MAP2K1
FGFR2	MAP3K1
CDK9	PIK3CA
CDK9	CHEK1
CDK4	PRKDC
CDK4	CHEK2
KIT	RPS6KB1
BRAF	PIK3CA
CDK9	PDGFRA
CDK4	ERBB2
ABL1	RPS6KB1
CDK6	FGFR3
CHEK1	MET
BRAF	EGFR
AKT1	PIK3CA
FGFR1	TNK2
AKT1	FGFR1
AKT1	AKT2
FYN	SRC
NME3	NME4
FYN	YES1
KDR	MAPK1
MAPK14	MAPK8
MAPK14	PAK1
MAPK14	PAK2
MAPK14	PAK3
ATM	PRKCA
AAK1	PPIP5K2
KSR1	MAST3
KSR1	TESK2
DCLK1	TESK2
MAST3	TESK2
CDK16	TESK2
CDK16	DCLK1
KSR1	MAP3K21
KSR1	MELK
CDK16	MAST3
MAP3K21	MAST3
MAP3K21	TESK2
MELK	TESK2
MAST3	MELK
CDK16	MAP3K21
CDK16	MELK
AAK1	WNK1
NEK7	NEK9
NEK7	NEK8
NEK7	PLK1
CDK5	PIKFYVE
CHEK2	WEE1
CHEK2	TTN
CHEK1	TTN
CSNK2A1	STK11
MAP2K1	MTOR
MAP2K1	TTN
MAP2K1	STK11
MAPK1	MTOR
CDK1	SCYL2
PDGFRA	PIK3CA
MAP2K7	MAPK1
CSF1R	KIT
MAP3K11	MAP3K21
PLK1	STK3
PASK	PRKAA1
BRAF	PIP5K1A
BRAF	PIP4K2C
BRAF	MAP2K7
LATS1	SRC
LATS2	SRC
ARAF	CDK4
ARAF	EPHA2
ARAF	MAP2K3
ARAF	STK11
AURKA	EPHA2
CDK4	EPHA2
CDK4	FGFR4
CDK4	LATS2
CDK4	STK11
CDK6	EPHA2
CDK6	FGFR4
CDK6	LATS2
CDK6	STK11
EPHA2	MAP2K3
ERBB2	FGFR4
ERBB2	LATS2
ERBB2	STK11
FGFR4	MAP2K3
BUB1B	SCYL1
SCYL1	TRPM7
MAP2K5	MET
MAP2K5	PDGFRA
MAP2K5	RAF1
MAP2K5	STK11
MET	STK11
ARAF	CDK6
ARAF	FGFR4
ARAF	LATS2
ARAF	MAP2K5
AURKA	MAP3K5
AURKA	STK11
BRAF	LATS2
BRAF	MAP2K3
BRAF	MAP2K6
BRAF	STK11
CDK4	MAP3K5
CDK6	MAP3K5
LATS2	MAP2K3
MAP2K3	MET
MAP2K6	RAF1
MAP2K6	STK11
MAP3K5	STK11
MAPK14	STK11
PDGFRA	STK11
BMPR1A	LYN
BMPR1A	PRKDC
BMPR1A	TBK1
RIPK4	TTK
RIPK4	STK26
FGFR2	SRC
BMPR1A	CDK9
BMPR1A	MAP2K2
BRAF	IGF1R
CDK9	MAP2K2
CDK9	YES1
CSNK1A1	RAF1
CSNK1A1	MAP2K1
GSK3A	TRIM28
GSK3A	MARK2
GSK3A	SRPK1
BRAF	NME2
CDK9	CIT
CDK9	PFKL
CDK9	STK26
CSNK1A1	PFKL
GSK3A	MARK3
GSK3A	SRPK2
MAP2K1	SRPK1
MAP2K3	SRPK2
MAP2K3	SRPK1
CASK	PRKCI
CASK	MARK2
PRKCZ	STK38
FGFR1	PDGFRB
DAPK1	ZAP70
DAPK1	PIM2
DAPK1	SGK2
DAPK1	SCYL1
DAPK1	EPHA1
DAPK1	PHKG2
DAPK1	PIM1
DAPK1	PAK6
LRRK1	TEC
LRRK1	PLK1
LRRK1	NEK1
LRRK2	RPS6KB2
LRRK2	ZAP70
AKT1	PFKP
ERBB4	FYN
ERBB4	NTRK2
IKBKB	SGK1
BRAF	SGK1
GSK3B	SGK1
MAP3K3	SGK1
CDK6	PLK4
MAPK1	STK25
PIK3C2A	RIOK3
CDK8	RIOK3
MAP3K1	RIOK3
BMPR1B	CHEK1
FLT3	IKBKB
CSNK1A1	IKBKB
CAMK2D	CASK
CDK5	GAK
CHEK1	CHUK
MAP3K4	MAPK13
AKT2	PDPK1
MTOR	PDPK1
PAK1	PDPK1
ILK	PDPK1
MAP2K7	MAP3K7
CSNK1A1	MAP3K7
CSNK1E	MAP3K7
GSK3B	MAP3K7
HIPK2	MAP3K7
RAF1	RIPK2
GSK3B	RIPK2
FES	JAK2
ERBB3	JAK2
BMPR1B	ROCK2
RAF1	ROCK2
IGF1R	ROCK2
FGFR3	ROCK2
NTRK1	ULK1
MAPK1	RPS6KA4
BRAF	TRIO
PKN2	STK10
GSK3A	PRKD3
CSNK1E	OXSR1
ACVR1	OXSR1
MAP3K7	MAP4K4
NEK9	PAK4
CHEK1	CHEK2
AURKA	EGFR
NME2	PGK1
MAPK3	PGK1
LCK	RAF1
ARAF	RAF1
PRKCD	RAF1
CDK5	NTRK1
GRK2	PRKCG
MAP2K4	PRKCG
GSK3A	PRKCG
IKBKB	PRKCB
CHUK	PRKCB
GSK3A	PRKCB
PKN1	PRKCB
ERBB2	LCK
ITK	LCK
ABL1	FYN
ERBB2	FYN
CDK1	FYN
ABL2	FYN
BUB1	CDK1
ABL1	CDK1
JAK2	YES1
PDGFRB	YES1
ERBB3	LYN
FGFR3	IGF1R
ERBB3	HCK
AGK	HCK
IGF1R	ROS1
FYN	PDGFRB
ARAF	PDGFRB
MAPK3	PDGFRB
ERBB3	FGR
ABL1	KIT
ERBB3	FGFR1
CAMKK2	CDK4
PDPK1	SRC
LYN	SRC
IGF1R	SRC
KIT	SRC
ERBB3	SRC
PRKACB	SRC
PRKCI	SRC
PRKCE	SRC
MAP4K1	SRC
PIK3C2A	PKM
PDPK1	PKM
PIK3CG	PKM
CDK5	PKM
PIK3C3	PKM
NEK9	PKM
CAMKK2	NME1
MAPK3	PDGFRA
ERBB3	FER
LCK	PRKCA
GRK2	PRKCA
GSK3A	PRKCA
LCK	PRKACA
BRAF	PRKACA
GRK2	PRKACA
CSK	PRKACA
CDK5	PRKACA
CDK16	PRKACA
PAK1	PRKACA
CHEK1	PFKL
CDK2	PFKL
GSK3A	PFKL
CDK5	PFKL
IKBKE	PFKL
CAMK1D	PFKL
CAMKK2	HK1
CDK1	EIF2AK2
EGFR	NME2
MAPK14	NME2
PFKL	PRKACG
MAPK1	PRKACG
MAP2K2	PRKACG
MTOR	PRKACG
PFKP	PRKACG
CHEK1	PRKACB
MAPK1	PRKACB
MAP2K2	PRKACB
PFKP	PRKACB
CAMK1	PRKACB
AKT2	RPS6KB1
FES	JAK1
IGF1R	JAK1
PDPK1	PRKCH
FYN	PRKCH
CDK15	CDK2
AKT1	GRK2
INSR	MAPK3
LYN	MAPK3
CSNK2A2	MAPK3
GRK2	MAPK3
KDR	MAPK3
GSK3A	MAPK3
CDK9	MAPK3
MAPK15	MAPK3
CAMKK2	MAPK3
MAP3K3	MAPK3
IKBKB	MARK3
CSNK2A1	MARK3
BMPR1B	MAPK1
INSR	MAPK1
ARAF	MAPK1
CDK2	MAPK1
CDK7	MAPK1
CAMK2D	MAPK1
CAMKK2	MAPK1
CDK17	EPHA2
EGFR	TYK2
CSF1R	TYK2
CDK2	WEE1
MAPK8	WEE1
CSNK1E	WEE1
NEK6	WEE1
ROR2	RYK
LCK	MAP2K2
STK17B	TGFBR1
ACVR2A	TGFBR1
AXL	CSK
AKT2	CSK
CDK6	CSK
MAP2K1	MAP3K8
IRAK1	PRKCI
PAK1	PRKCI
EIF2AK1	PIK3CA
CSNK2A2	MTOR
CAMKK2	MTOR
LYN	MATK
HCK	MATK
SRC	TEC
PIP4K2A	TEC
BRAF	FRK
FYN	ZAP70
PIK3CG	ZAP70
FGR	SYK
PRKCA	SYK
MAPK3	SYK
PAK2	SYK
ERBB4	SYK
RPS6KA1	SYK
MAPK3	MAPK8
MAPK1	MAPK8
AKT2	MAPK8
MAP3K10	MAPK9
MAPK14	MAPK9
CHUK	MAP2K4
BMPR1B	MAP2K3
IRAK2	MAP2K3
CDK5	CSNK1D
GRK2	PIK3CG
MERTK	PIK3CG
IRAK2	MAPKAPK2
AKT2	MAPKAPK2
LIMK1	MAPKAPK2
MAPK6	MAPKAPK2
BRD4	CDK8
CHEK2	CLK2
BMPR1B	GSK3B
FGFR3	GSK3B
AKT2	GSK3B
CSNK2A1	GSK3B
CDK6	CDK7
CDK5	CDK7
CDK19	CDK7
ATR	CDK9
CAMKK2	GALK1
EGFR	PRKX
IRAK2	MAP2K6
IKBKB	PLK1
KIT	PLK1
CDK2	PLK1
NEK9	PLK1
PKMYT1	PLK1
CSNK2A2	PRKAA2
MAPK3	PRKAA2
PLK1	PRKAA2
MAPK14	PRKAA2
CAMK1D	PRKAA2
MARK4	PRKAA2
ABL1	EPHA4
CSNK1D	CSNK2A1
PIK3C2A	PRKDC
FYN	PRKDC
PRKAA2	PRKDC
PRKCD	PRKDC
PAK1	PRKDC
PIK3C3	PRKDC
CAMKK2	CDK3
CDK1	CDK6
CDK2	CDK5
AK2	CDK5
CSNK2A2	PFKP
MAPK3	PFKP
MAP2K2	PFKP
CSNK1D	PFKP
BTK	PFKP
GSK3A	ROR2
CDK2	PRKCE
MTOR	PRKCE
IRAK1	PRKCE
CSNK2A1	PRKCE
LCK	TEK
FYN	TEK
LYN	TEK
FYN	GUCY2D
AKT1	PRKCQ
JAK2	PTK2
FLT1	PTK2
ERBB3	PTK2
EPHA2	PTK2
IKBKB	PRKCZ
FYN	PRKCZ
PRKCA	PRKCZ
PRKCI	PRKCZ
PIK3CG	PRKCZ
GSK3A	PRKCZ
GSK3B	PRKCZ
CSNK2A1	PRKCZ
PRKCQ	PRKCZ
PRKCD	PRKCZ
MAPK14	PRKCZ
GRK2	PRKCD
AKT1	PRKCD
PIK3CA	PRKCD
GSK3A	PRKCD
GSK3B	PRKCD
FYN	TYRO3
SRC	TYRO3
LTK	TNK2
FYN	ITK
MAP3K11	MAP4K2
MAP3K11	MAP3K12
AXL	MERTK
BMPR2	MERTK
NME2	STK4
CAMKK2	STK4
MARK4	PRKAA1
ERBB2	PAK1
CSNK2A2	PAK1
CDK2	PAK1
AKT2	PAK1
CSNK1D	PAK1
CSNK1E	PAK1
GSK3B	PAK1
LIMK1	PAK1
MAP2K1	PAK1
MAPK7	PAK1
MAP3K1	PAK1
ILK	PAK1
MYLK	PAK1
CHEK2	MAPK7
CDK2	MAPK7
CDK5	MAPK7
MAPK14	MAPK7
ABL1	PAK2
LYN	PAK2
HCK	PAK2
LIMK1	PAK2
AK2	PAK2
MYLK	PAK2
CDK2	STK3
CDK6	STK3
NME2	NME3
PIK3C2A	TRIM28
PDPK1	TRIM28
PIK3CG	TRIM28
PRKAA2	TRIM28
STK3	TRIM28
NEK9	TRIM28
CAMKK2	TRIM28
LIMK1	ROCK1
LIMK2	ROCK1
PRKAA1	PRPF4B
IKBKB	RIPK1
CSNK1A1	RIPK1
PRKCQ	RIPK1
CDC42BPB	RIPK1
PAK1	PRKG1
PBK	PRKG1
AK2	IKBKE
DSTYK	IKBKE
ERBB2	PTK2B
LYN	PTK2B
PIK3CB	PTK2B
MATK	PTK2B
PRKCE	PTK2B
MAP3K4	PTK2B
CAMKK2	MELK
MARK2	PRKD1
ERBB3	ERBB4
PRKCA	RPS6KA2
MAP2K1	RPS6KA2
EPHA2	EPHA7
EEF2K	RPS6KA1
MTOR	RPS6KA1
PRKAA2	STK11
MARK1	STK11
CDK5	NTRK3
MAP2K6	PKN1
MAPK12	PKN1
MAPK14	PKN1
EGFR	MAPK14
MAPK1	MAPK14
CDK7	MAPK14
LIMK1	MAPK14
MAPK12	MAPK14
MAP2K1	MAP3K11
BUB1	MAPKAPK3
EGFR	MAPKAPK3
MAP3K7	MAPK6
MAPK1	MAPK6
MAP3K12	MAPK6
ABL1	LRRK1
CDK2	PAN3
CDK5	PAN3
AKT1	LRRK2
GSK3B	STYK1
LRRK2	TAOK1
MARK2	TAOK1
STK25	STRADA
ABL1	NEK8
BMPR1B	VRK2
TGFBR1	VRK2
MAP2K1	VRK2
ACVR1	VRK2
EGFR	PRAG1
CAMK1	CAMK1D
MAPK13	MAPKAPK5
MAPK12	MAPKAPK5
NTRK1	ULK2
PRKAA2	ULK2
MAP4K4	MINK1
CHEK2	PIK3C3
CDK5	COQ8A
BMPR1B	UHMK1
ABL1	UHMK1
TGFBR1	UHMK1
CSNK1A1	UHMK1
CSNK1E	UHMK1
GSK3B	UHMK1
ACVR1	UHMK1
TGFBR1	TTN
PTK2	TTN
MAST2	TTN
FYN	MAP4K1
MAP3K11	MAP4K1
LATS1	MARK4
TGFBR1	TSSK2
CSNK1E	TSSK2
CAMK4	CAMKK2
AKT2	TRIB3
MAP2K4	TRIB1
MAP2K1	TRIB1
PFKL	TP53RK
RPS6KB2	TP53RK
PDPK1	SRPK1
PRKAA1	SRPK1
CSNK1D	PIK3R4
IKBKB	MAP3K3
LYN	MAP3K3
ALK	MAP3K3
CSNK1A1	MKNK1
GSK3B	MKNK1
CSNK1D	RIOK2
CDK5	RIOK2
PRKAA1	TRPM6
CASK	PRKD2
BMPR1B	MKNK2
MAPK3	MKNK2
MAPK1	MKNK2
MAPK11	MKNK2
MAP2K7	MAP3K20
MAP2K4	MAP3K20
MAP2K6	MAP3K20
MAPK8	STK26
CSNK1A1	EIF2AK4
CSNK1E	EIF2AK4
MAPK8	NLK
PRKAA2	RPS6KB2
CDK5	RPS6KB2
MAPK7	RPS6KB2
MAPK14	RPS6KB2
EIF2AK4	RPS6KB2
RIOK3	TBK1
IKBKE	TBK1
MAP3K14	TBK1
CSNK1A1	DAPK2
CSNK1E	DAPK2
MAP3K7	TNIK
MAPK1	TNIK
MAP2K7	MAP3K2
IKBKB	MAP3K2
MAP2K4	MAP3K2
ABL1	WNK2
FYN	WNK2
ABL1	MAP4K5
FYN	MAP4K5
DAPK1	RIPK3
PRKDC	RIPK3
IRAK2	IRAK3
PRKAA1	PRKAA2
ABL2	FLT3
ABL1	FLT3
BLK	FLT3
CSK	EGFR
CAMKK1	CAMKK2
EPHA8	EPHB1
EPHA8	EPHB3
EPHA8	EPHB6
EPHA8	EPHB4
EPHA8	EPHB2
MAP2K5	MAP3K1
MAP2K5	NTRK1
MAP2K5	MAP3K8
MAPK13	PAK1
MAPK13	PAK2
MAPK12	PAK1
MAPK12	MAPK3
MAPK12	PAK2
MAPK1	PRKCB
MAPK1	PRKCH
MAPK1	TYK2
MAPK1	MET
MAPK1	RPS6KA6
MAPK1	PRKCQ
MAPK1	VRK3
MAPK1	NTRK1
MAPK1	MATK
MAPK1	TRIM24
MAPK1	YES1
MAPK1	MOK
PCK2	PKM
AURKA	CSNK1E
AURKA	CDK1
AURKA	NEK2
AURKA	ILK
AURKA	AURKB
AURKA	PAK1
AURKA	CSNK1D
AURKA	PLK4
CSK	MAP2K1
CSK	KDR
CSK	MARK3
CSK	FLT1
CSK	PIK3CA
CSK	RAF1
CSK	KSR1
CSK	FLT4
CSK	MAPK1
CSK	PRKACG
CSK	MAP2K2
CSK	KSR2
CSK	PRKACB
CSK	MAPK3
CSK	TRIM24
CSK	TRIM28
GSK3A	PDPK1
MAPK14	RIPK1
MAPK14	TEK
MAPK14	PTK2B
EIF2AK2	IRAK1
EIF2AK2	MAPK3
EIF2AK2	MAP4K4
KALRN	PAK1
KALRN	MAPK6
RAF1	TRIM24
CSNK1G2	GSK3B
PI4KA	PIK3C3
PI4KA	PIP4K2B
PI4KA	PTK2B
PI4KA	PIKFYVE
CDK7	CDK8
CDK7	CHEK1
IRAK2	MAP2K4
IRAK2	MAP2K7
PDGFRA	PIK3CB
CDK4	GSK3B
CDK4	CDK8
CDK4	JAK2
CDK4	CDK9
CDK4	CDK5
BLK	ZAP70
BLK	SRC
BLK	PRKCD
BLK	EPHA7
BLK	PTK2
BLK	EPHA1
BLK	MAPK14
BLK	LYN
BLK	EPHB1
BLK	EPHA4
BLK	HCK
BLK	LCK
BLK	SYK
BLK	EPHA3
BLK	BTK
BLK	MAPK11
BLK	EPHA5
BLK	PDGFRB
BLK	EPHB2
BLK	EPHA6
BLK	ITK
BLK	FYN
BLK	CSK
BLK	EPHA2
BLK	YES1
BLK	PTK2B
BLK	FGR
PDGFRB	PIK3CB
PDGFRB	PIK3CG
MAPK6	PAK3
MAPK6	PAK1
MAPK6	PAK2
FLT4	SRC
PIK3C3	PRKAA1
PIK3C3	ULK1
PIK3C3	PRKAA2
PIK3C3	PIKFYVE
MARK4	PLK1
MARK4	TTBK2
MARK4	STRADB
MARK4	NEK2
MARK4	STRADA
MARK4	PRKACA
MARK4	PLK4
MAP2K2	SRC
MAP2K2	PIK3CA
MAP2K2	TYK2
MAP2K2	TRIM24
MAPK3	PRKCB
MAPK3	PRKCH
MAPK3	TYK2
MAPK3	MET
MAPK3	VRK3
MAPK3	NTRK1
MAPK3	MATK
MAPK3	TRIM24
MAPK3	TRIM28
MAPK3	MOK
EEF2K	RPS6KB1
EEF2K	MAPK13
MAP3K8	PDPK1
MAP3K8	MAP4K3
MAP3K8	MAP4K4
PRKCQ	ZAP70
PRKCQ	PTK2B
PRKCG	PRKCH
PRKCG	PRKCQ
ACVR1	AMHR2
AKT3	PDPK1
AKT3	TRIB3
AKT3	GSK3A
AKT3	LYN
AKT3	LCK
AKT3	CHUK
AKT3	MAP3K14
AKT3	RPS6KB2
AKT3	MTOR
AKT3	FYN
AKT3	MAP3K8
AKT3	YES1
KDR	MAPK12
KDR	MAPK13
KDR	MAPK14
KDR	PRKACA
KDR	PRKACG
KDR	ROCK2
KDR	PRKACB
KDR	MAPK11
KDR	ROCK1
PIK3CA	RET
PIK3CA	PTK2
PIK3CA	PIK3CB
PIK3CA	PIP5K1B
PIK3CA	PRKCQ
PIK3CA	PIP5K1C
PIK3CA	PIP4K2B
PIK3CA	PRKCZ
PIK3CA	PIK3CG
PIK3CA	TEK
PIK3CA	PIK3CD
PIK3CA	TRIM24
PIK3CA	PIP5K1A
PIK3CA	YES1
PIKFYVE	PIP4K2C
PIKFYVE	PIP4K2B
PIKFYVE	PIP4K2A
PI4K2B	PIP4K2B
PI4K2B	PIKFYVE
PIP5K1B	ROCK2
PIP5K1B	ROCK1
CDK6	GSK3B
CDK6	CDK8
CDK6	LYN
CDK6	JAK2
CDK6	PTK6
PIK3C2A	PIKFYVE
CDK2	CDK8
CDK2	CDK4
CDK2	PTK6
ERBB3	PRKACA
ERBB3	MAPK8
IGF1R	RAF1
IGF1R	MAPK1
ERBB2	PIK3CB
ERBB2	PIK3CA
ERBB2	PRKACA
ERBB2	MAPK8
ERBB2	ROCK2
ERBB2	YES1
ERBB2	ROCK1
SIK1	STK11
SIK1	STRADB
SIK1	STRADA
PLK4	TTBK2
PLK4	PRKACA
EGFR	PRKCB
EGFR	PIK3CA
EGFR	LCK
EGFR	GAK
EGFR	FYN
EPHA1	EPHA7
EPHA1	EPHA10
EPHA1	EPHA8
EPHA1	LYN
EPHA1	EPHB1
EPHA1	EPHB3
EPHA1	EPHA4
EPHA1	LCK
EPHA1	EPHB6
EPHA1	EPHB4
EPHA1	EPHA3
EPHA1	EPHA5
EPHA1	EPHB2
EPHA1	EPHA6
EPHA1	EPHA2
NTRK2	SRC
NTRK2	PIK3CA
PAK1	PTK2
PAK1	SYK
PAK1	PAK4
PAK1	TRIO
PAK1	PAK5
PAK1	PDGFRB
PAK1	YES1
ATM	CDK7
ATM	CDK12
ATM	MAPK8
ATM	CDK4
ATM	PLK3
FER	LYN
FER	SYK
EPHA4	SRC
EPHA4	EPHA7
EPHA4	EPHA8
EPHA4	LYN
EPHA4	EPHB1
EPHA4	EPHB3
EPHA4	HCK
EPHA4	LCK
EPHA4	EPHB6
EPHA4	EPHB4
EPHA4	EPHA5
EPHA4	EPHB2
EPHA4	EPHA6
EPHA4	YES1
EPHA4	FGR
FLT1	SRC
FLT1	FLT4
RIOK2	RIOK3
ADK	AK1
ADK	AK2
BUB1B	CDK1
KIT	MAPK8
BRAF	PRKCB
BRAF	SRC
BRAF	CAMK2A
BRAF	JAK2
BRAF	PAK4
BRAF	MAP3K11
BRAF	KSR2
BRAF	CAMK2G
BRAF	CAMK2B
BRAF	TRIM24
BRAF	CAMK2D
BRAF	CSK
PIK3CB	RET
PIK3CB	PIP5K1B
PIK3CB	TEK
PIK3CB	PIK3CD
PIK3CB	PIP5K1A
PIK3CB	YES1
ARAF	SRC
ARAF	MARK3
ARAF	JAK2
ARAF	KSR1
ARAF	MAP3K11
ARAF	KSR2
ARAF	MAPK3
ARAF	TRIM24
ARAF	CSK
HK2	KHK
FGFR4	PIK3CB
FGFR4	PIK3CA
FGFR4	MAPK1
FGFR4	MAPK3
MAP4K2	RIPK1
PLK1	TTBK2
PLK1	PRKACA
PLK1	TAOK1
PLK1	PLK4
AXL	KDR
MAP2K1	MAP3K7
MAP2K1	PRKCD
MAP2K1	TYK2
MAP2K1	PIK3CG
MAP2K1	TRIM24
INSR	PDPK1
INSR	PIK3CA
INSR	SGK1
INSR	PRKCZ
PRKCB	SRC
PRKCB	PRKCD
PRKCB	PRKCZ
PRKCB	PRKCH
PRKCB	RPS6KB1
PRKCB	RAF1
PRKCB	PRKCE
PRKCB	PRKCQ
PRKCB	PRKCG
PRKCB	PTK2B
CSNK1G1	GSK3B
CSNK1G1	GSK3A
SIK2	STK11
SIK2	STRADB
SIK2	STRADA
PRKCE	PRKCH
PRKCE	PRKCQ
PRKCE	PRKCG
PRKACA	TTBK2
PRKACA	STRADB
PRKACA	STRADA
MAP3K11	MARK3
MAP3K11	MAP4K5
MAP3K11	RAF1
MAP3K11	MAPK8
TAOK2	TAOK3
BRSK1	STRADB
BRSK1	STK11
BRSK1	STRADA
MAPK7	RET
MAPK7	VRK3
GRK2	GRK6
GRK2	GRK5
PRKDC	TBK1
AURKB	CDK1
AURKB	TAOK1
AURKB	BUB1
PAK2	PTK2
PAK2	PAK4
PAK2	PAK5
PAK2	PRKCE
MET	PIK3CA
MET	PAK4
GRK3	GRK6
GRK3	GRK5
CSNK1D	CSNK1E
CSNK1D	TTBK2
CSNK1D	NEK2
CSNK1D	RIOK3
CSNK1D	PRKACA
CSNK1D	MARK4
CSNK1D	PLK1
CSNK1D	RIOK1
CSNK1D	NME7
CSNK1D	PLK4
GSK3B	PDPK1
GSK3B	RPS6KB1
GSK3B	PTK2B
STK11	STK26
PRKCH	PTK2B
IP6K2	PPIP5K2
IP6K2	RNASEL
IP6K2	PPIP5K1
IP6K2	IP6K3
IP6K2	IPMK
FES	PIK3CA
FES	TEK
FES	LIMK1
EPHB3	PAK3
EPHB3	EPHB6
EPHB3	PAK1
EPHB3	EPHB4
EPHB3	PAK2
EPHB3	ROCK1
MAPK11	MAPK12
MAPK11	SRC
MAPK11	MAPK13
MAPK11	MAPK9
MAPK11	PAK3
MAPK11	SYK
MAPK11	MAPK8
MAPK11	PAK1
MAPK11	MAPK3
MAPK11	PAK2
MAPK11	RPS6KA4
MAPK11	YES1
MAPK11	RIPK2
STRADA	STRADB
LIMK1	PAK3
LIMK1	ROCK2
EPHA3	SRC
EPHA3	EPHA7
EPHA3	EPHA8
EPHA3	LYN
EPHA3	EPHB1
EPHA3	EPHB3
EPHA3	EPHA4
EPHA3	HCK
EPHA3	LCK
EPHA3	EPHB6
EPHA3	EPHB4
EPHA3	EPHA5
EPHA3	EPHB2
EPHA3	EPHA6
EPHA3	FYN
LCK	PRKCB
LCK	PDPK1
LCK	MAP2K1
LCK	TYK2
LCK	MAPK9
LCK	PAK3
LCK	MAPK8
LCK	PAK1
LCK	MAPK11
LCK	PRKCE
LCK	PAK2
FGFR3	SRC
FGFR3	MAPK1
FGFR3	FGFR4
FGFR3	MAPK3
FGFR3	PTK2B
LIMK2	ROCK2
ACVR2B	ACVRL1
PTK2	RPS6KB1
PTK2	ROCK2
PTK2	TRIM28
PTK2	PTK2B
ERBB4	PRKCB
ERBB4	PRKCA
ERBB4	JAK2
ERBB4	MAPK1
ERBB4	MAPK3
JAK1	PRKCB
JAK1	PRKCD
JAK1	MAP2K1
JAK1	LCK
JAK1	MAP2K6
JAK1	MAPK1
JAK1	MAPK8
JAK1	MAP2K2
JAK1	MAPK11
JAK1	PRKCE
JAK1	PTK2B
PKN1	PKN3
PKN1	PKN2
PKN1	PRKACG
PKN1	PRKACB
PKN1	PRKCE
ATR	CDK7
ATR	CDK12
ATR	PLK3
PDPK1	TRIB3
PDPK1	PKN3
PDPK1	TGFBR2
PDPK1	TGFBR1
PDPK1	RPS6KA6
PDPK1	RIPK2
MAP2K3	MAPK8
MAP2K3	MAP3K1
MAP2K3	MAP3K7
MAP2K3	MAP3K11
MAP2K3	SRC
MAP2K3	RIPK1
MAP2K3	PAK1
MAP2K3	MAPK13
MAP2K3	MAPK9
MAP2K3	MAPK10
MAP2K3	TAOK3
MAP2K3	MAPK1
MAP2K3	TNIK
MAP2K3	MINK1
MAP2K3	PTK2B
MAP2K3	RIPK2
MAP2K3	MAP4K4
MAP2K3	TAOK1
MAP2K3	MAP3K10
PRKAA1	STRADB
PRKAA1	STRADA
FYN	MAPK12
FYN	PDPK1
FYN	GSK3B
FYN	MAPK13
FYN	MAPK1
FYN	PRKACA
FYN	PIP5K1C
FYN	MAPK8
FYN	JAK3
FYN	PRKACG
FYN	MAP3K11
FYN	PIK3CG
FYN	MAPK3
FYN	MAP2K7
FYN	PRKACB
FYN	MAPK11
AK2	DCK
PIP4K2C	PIP5K1C
AGK	SRC
AGK	MAP2K2
AGK	BRAF
AGK	KSR2
AGK	MAP2K1
AGK	MARK3
AGK	ARAF
AGK	RAF1
AGK	JAK2
AGK	KSR1
AGK	MAPK3
AGK	TRIM24
AGK	CSK
AGK	MAPK1
PIK3R4	PRKAA1
PIK3R4	ULK1
PIK3R4	PRKAA2
PIK3R4	PIKFYVE
BMX	LCK
BMX	TEK
BMX	FYN
BMX	YES1
EPHB4	PIK3CA
EPHB4	PAK3
EPHB4	EPHB6
EPHB4	PAK1
EPHB4	PAK2
EPHB4	FYN
EPHA2	SRC
EPHA2	PIK3CA
EPHA2	EPHA8
EPHA2	LYN
EPHA2	EPHB1
EPHA2	EPHB3
EPHA2	EPHA4
EPHA2	HCK
EPHA2	LCK
EPHA2	EPHB6
EPHA2	EPHB4
EPHA2	EPHA3
EPHA2	EPHA5
EPHA2	EPHB2
EPHA2	EPHA6
EPHA2	FYN
EPHA2	YES1
EPHA2	FGR
MAP3K5	MAP4K1
MAP3K5	MAP4K5
MAP3K5	TNIK
MAP3K5	MINK1
PIK3CG	PIP5K1C
PIK3CG	SYK
PIK3CG	PIKFYVE
MAPK10	MAPK14
MAPK10	MAPK9
MAPK10	MAPK8
MAPK10	ROR2
MAPK10	PRKCZ
MAPK10	MAPK3
MAPK10	MAPK11
MYLK	PTK2
PAK3	PTK2
PAK3	PAK4
PAK3	PAK5
NTRK3	PIK3CA
MTOR	PIK3CA
MTOR	PRKAA1
MTOR	ULK2
MTOR	PRKAA2
MAP3K3	MAPK14
MAP3K3	MAP4K3
MAP3K3	MAPK11
MAP3K3	MAP4K4
NEK2	TTBK2
NEK2	PRKACA
NEK2	PLK1
NEK2	NME7
NEK2	PLK4
MAPK1	MAPK13
MAPK1	MAPK9
MAPK1	MAPK10
MAPK1	MAPK11
NME7	PLK1
NME7	PRKACA
NME7	PLK4
SGK1	SRC
PIP5K1A	PIP5K1B
PIP5K1A	ROCK2
PIP5K1A	ROCK1
EPHA7	SRC
EPHA7	EPHA8
EPHA7	LYN
EPHA7	EPHB1
EPHA7	EPHB3
EPHA7	EPHB6
EPHA7	EPHB4
EPHA7	EPHB2
EPHA7	FYN
MAP3K7	MAPK12
MAP3K7	MAP4K5
MAP3K7	MAPK14
MAP3K7	MAPK11
IRAK1	MAP2K3
IRAK1	MAP2K4
IRAK1	MAP2K6
IRAK1	MAP3K3
IRAK1	MAP2K7
CHUK	RPS6KA1
CHUK	PDPK1
CHUK	IRAK2
CHUK	IRAK4
CHUK	NTRK1
CHUK	PRKCZ
CHUK	RIPK3
CHUK	PRKCE
CHUK	MAP4K4
PKN2	PKN3
PRKACB	RET
PRKACB	PTK2
PRKACB	PRKCE
ROR1	ROR2
PRKAA2	STRADB
PRKAA2	STRADA
BMPR1A	MAP3K7
ABL1	MAPK12
ABL1	LYN
ABL1	LCK
ABL1	MAP2K6
ABL1	BLK
ABL1	MAPK8
ABL1	CDK2
ABL1	CDK4
ABL1	MAPK11
ABL1	CDK6
ABL1	FGR
EPHA10	EPHA7
EPHA10	EPHA8
EPHA10	EPHB1
EPHA10	EPHB3
EPHA10	EPHA4
EPHA10	EPHB6
EPHA10	EPHB4
EPHA10	EPHA3
EPHA10	EPHA5
EPHA10	EPHB2
EPHA10	EPHA6
EPHA10	EPHA2
AK1	DCK
SRC	ZAP70
SRC	TRIM24
IPMK	PPIP5K2
IPMK	PPIP5K1
FGR	ZAP70
FGR	PRKCD
FGR	LYN
FGR	MAPK11
FGR	PDGFRB
FGR	ITK
FGR	FYN
FGR	YES1
FGR	PTK2B
MUSK	SRC
MUSK	PTK2
MUSK	PAK3
MUSK	PAK4
MUSK	PAK1
MUSK	PAK5
MUSK	PAK2
MUSK	PTK2B
EPHB2	MAP3K7
EPHB2	PIK3CA
EPHB2	LYN
EPHB2	EPHB3
EPHB2	PAK3
EPHB2	EPHB6
EPHB2	PAK1
EPHB2	EPHB4
EPHB2	PAK2
EPHB2	FYN
EPHB2	MAP4K4
SIK3	STK11
SIK3	STRADB
SIK3	STRADA
SYK	ZAP70
SYK	TXK
SYK	YES1
PIP4K2A	PIP5K1C
PRKACG	RET
PRKACG	PTK2
PRKACG	PRKCE
PIK3CD	RET
PIK3CD	PIP5K1B
PIK3CD	YES1
PAK5	SRC
PAK5	PTK2
PRKCZ	TGFBR2
PRKCZ	TGFBR1
PRKCZ	ROCK1
RPS6KA3	RPS6KA5
RPS6KA3	RPS6KA6
RPS6KA3	RPS6KA4
RIOK1	RIOK2
RIOK1	RIOK3
CDK14	CDK9
CDK14	CDK2
CDK14	CDK4
TEC	TXK
JAK2	SRC
JAK2	PRKCD
JAK2	MAP2K1
JAK2	MARK3
JAK2	KSR1
JAK2	PRKACA
JAK2	PRKACG
JAK2	MAP3K1
JAK2	MAP2K2
JAK2	PIK3CG
JAK2	PRKACB
JAK2	TRIM24
BRSK2	STRADB
BRSK2	STK11
BRSK2	STRADA
ACVRL1	BMPR2
EPHA6	EPHA7
EPHA6	EPHA8
EPHA6	LYN
EPHA6	EPHB1
EPHA6	EPHB3
EPHA6	HCK
EPHA6	LCK
EPHA6	EPHB6
EPHA6	EPHB4
EPHA6	EPHB2
EPHA6	YES1
AKT2	PIK3CA
AKT2	GSK3A
AKT2	LYN
AKT2	LCK
AKT2	AKT3
AKT2	INSR
AKT2	MAP3K14
AKT2	RPS6KB2
AKT2	MTOR
AKT2	FYN
AKT2	YES1
MAP3K4	PAK1
MAP3K4	PAK2
GRK5	GRK6
STK26	STRADB
STK26	STRADA
PRKCD	PRKCG
PRKCD	PRKCE
PRKCD	YES1
CDK1	CSNK1E
CDK1	CDK11A
CDK1	TTBK2
CDK1	CDK8
CDK1	CDK14
CDK1	NEK2
CDK1	PRKACA
CDK1	MARK4
CDK1	TAOK1
CDK1	CDK9
CDK1	PI4KA
CDK1	PRKACG
CDK1	PKN1
CDK1	CDK2
CDK1	CDK4
CDK1	PLK1
CDK1	PRKACB
CDK1	NME7
CDK1	CDK5
CDK1	PRKCE
CDK1	CSNK1D
CDK1	PLK4
MAPK8	PRKCB
MAPK8	SRC
MAPK8	RET
MAPK8	MET
MAPK8	PRKCQ
MAPK8	ROR2
MAPK8	PAK1
MAPK8	PRKCZ
MAPK8	TEK
MAPK8	PTK2B
CAMK2B	SRC
CAMK2B	MAP2K3
CAMK2B	CAMKK1
CAMK2B	CAMKK2
CAMK2B	PTK2B
CAMK2B	MYLK
CSNK1E	RIOK2
CSNK1E	TTBK2
CSNK1E	NEK2
CSNK1E	RIOK3
CSNK1E	PRKACA
CSNK1E	MARK4
CSNK1E	PLK1
CSNK1E	RIOK1
CSNK1E	NME7
CSNK1E	PLK4
PTK2B	ROCK2
PTK2B	YES1
PTK2B	ROCK1
MAP2K7	MAPK12
MAP2K7	MAP3K13
MAP2K7	MAP3K3
MAP2K7	RIPK1
MAP2K7	PAK1
MAP2K7	MAPK13
MAP2K7	MAPK14
MAP2K7	MAPK11
MAP2K7	PAK2
MAP2K7	MAP3K8
MAP2K7	RIPK2
EPHB1	MAP3K7
EPHB1	PTK2
EPHB1	PIK3CA
EPHB1	LYN
EPHB1	EPHB3
EPHB1	LCK
EPHB1	PAK3
EPHB1	EPHB6
EPHB1	PAK1
EPHB1	EPHB4
EPHB1	EPHB2
EPHB1	PAK2
EPHB1	YES1
CAMK2A	NLK
KSR1	SRC
KSR1	MAP3K11
KSR1	KSR2
KSR1	TRIM24
MAP3K1	MAP4K5
MAP3K1	NRK
MAP3K1	MAPK14
MAP3K1	TNIK
MAP3K1	MAPK10
MAP3K1	MAPK11
MAP3K1	PAK2
MAP3K1	MAP4K4
ROCK1	ROCK2
MAPK4	PAK3
MAPK4	PAK1
MAPK4	MAPK6
MAPK4	PAK2
CDK11A	CSNK1E
CDK11A	NEK2
CDK11A	PRKACA
CDK11A	PLK1
CDK11A	CSNK1D
CDK11A	PLK4
MARK2	STRADB
MARK2	STK11
MARK2	STRADA
AAK1	EGFR
AAK1	PIK3C2A
AAK1	GAK
MAP3K2	MAP4K3
MAP3K2	MAP4K4
KSR2	SRC
KSR2	MARK3
KSR2	TRIM24
JAK3	PRKCB
JAK3	MAPK1
JAK3	MAPK8
JAK3	MAP2K2
JAK3	PRKCZ
JAK3	MAPK11
JAK3	PRKCE
CDC7	CHEK1
FGFR1	TRIM24
MAPK9	ROR2
MAPK3	MAPK9
ITK	ZAP70
ITK	LYN
ITK	SYK
ITK	TXK
ITK	YES1
IP6K3	PPIP5K2
IP6K3	PPIP5K1
IP6K3	IPMK
CDK12	CDK7
CDK12	CHEK1
CDK12	CDK9
PPIP5K1	PPIP5K2
HK1	KHK
PRKCA	PRKCD
PRKCA	RPS6KB1
PRKCA	PRKCQ
PRKCA	PTK2B
FGFR2	PIK3CA
FGFR2	MAPK1
FGFR2	FGFR4
FGFR2	MAPK3
MAP2K4	MAP3K11
MAP2K4	RIPK1
MAP2K4	PAK1
MAP2K4	MAP3K9
MAP2K4	MAPK13
MAP2K4	MAPK11
MAP2K4	TNIK
MAP2K4	PAK2
MAP2K4	MINK1
MAP2K4	RIPK2
MAP2K4	MAP4K4
MAP2K4	ROCK1
MARK3	SRC
MARK3	TRIM24
CDK5	GSK3B
CDK5	EPHA3
CDK5	CDK8
CDK5	CDK6
CDK5	EPHA4
CDK5	EPHA6
PDK2	PRKCB
PDK2	RPS6KB1
PDK2	PRKCA
CSNK1A1	GSK3B
CSNK1A1	MAP3K1
RPS6KA2	RPS6KA5
LYN	ZAP70
LYN	PIK3CB
LYN	PIK3CA
LYN	MAPK14
LYN	MAPK8
LYN	TXK
LYN	MAPK11
LYN	PDGFRB
LYN	PIK3CD
LYN	YES1
IKBKB	RPS6KA1
IKBKB	PDPK1
IKBKB	IRAK4
IKBKB	NTRK1
IKBKB	RIPK3
IKBKB	PRKCE
NTRK1	PRKCI
NTRK1	PRKCZ
NTRK1	NTRK2
RPS6KA1	RPS6KA6
LATS1	STK3
PTK6	SRMS
ACVR1B	ACVR2B
ACVR1B	ACVR1C
HCK	PRKCD
HCK	LYN
HCK	MAPK11
HCK	ITK
HCK	YES1
MAP3K12	PAK1
MAP3K12	MAPK11
MAP3K12	PAK2
MAPKAPK5	PRKACB
MAPKAPK5	PRKACG
MAPKAPK5	PRKACA
AKT1	LYN
AKT1	LCK
AKT1	AKT3
AKT1	INSR
AKT1	MAP3K14
AKT1	PDGFRB
AKT1	FYN
AKT1	YES1
PIP5K1C	ROCK2
PIP5K1C	ROCK1
MAP2K6	MAPK8
MAP2K6	MAP3K11
MAP2K6	PIP4K2C
MAP2K6	RIPK1
MAP2K6	PAK1
MAP2K6	MAP3K9
MAP2K6	MAPK3
MAP2K6	MAPK9
MAP2K6	MAPK10
MAP2K6	TNIK
MAP2K6	PRKACA
MAP2K6	MINK1
MAP2K6	RIPK2
MAP2K6	MAP4K4
MAP2K6	MAP3K10
MAP2K6	MAPK7
PAK4	PTK2
PAK4	RAF1
PAK4	PRKCE
FRK	PRKCD
FRK	MAPK1
FRK	PDXK
EPHA5	EPHA8
EPHA5	LYN
EPHA5	EPHB1
EPHA5	EPHB3
EPHA5	LCK
EPHA5	EPHB6
EPHA5	EPHB4
EPHA5	EPHB2
EPHA5	EPHA6
EPHA5	YES1
EPHB6	PAK3
EPHB6	PAK1
EPHB6	PAK2
EPHB6	FYN
IP6K1	PPIP5K2
IP6K1	PPIP5K1
IP6K1	IP6K3
IP6K1	IPMK
IP6K1	IP6K2
PIP4K2B	PIP5K1B
PIP4K2B	PIP5K1C
PIP4K2B	PIP5K1A
MAP3K14	MAP3K5
MAP3K14	MAPK1
BTK	PIK3CA
BTK	MAPK8
BTK	TXK
BTK	PIK3CD
BTK	YES1
EIF2AK2	IKBKB
MAP2K1	MAP3K4
MAPK1	NTRK3
AKT3	PRKCD
DAPK3	MET
MAPK1	RET
MAPK14	RET
BMX	ITK
PRKD1	SRC
BMX	BTK
BMX	TEC
MAP4K1	SYK
TEK	TIE1
EEF2K	MAPK14
EEF2K	PRKAA2
BMPR2	LIMK1
MYLK	PRKG2
AMHR2	BMPR1B
EEF2K	MAPK8
EEF2K	PRKACA
EEF2K	MAPK3
EEF2K	MAPK12
EEF2K	PRKAA1
EEF2K	MAPK9
EEF2K	MAPK11
MAP2K7	TRIB1
CDK7	NEK6
GSK3A	SGK3
TRPM6	TRPM7
CAMK2A	DAPK2
MARK1	TAOK1
EEF2K	MAPKAPK5
EEF2K	MAPK1
CSNK2A2	MAPK14
CAMK1D	CAMKK1
AKT1	MAPK1
FGFR1	RPS6KA5
DYRK1B	MAP2K3
MAP2K1	PLK3
MAPK1	PLK3
BMX	KDR
FLT1	PTK2B
PDPK1	PTK2B
BTK	KIT
PIP5K1A	TEC
MAP3K2	WNK1
FYN	PRKCE
SNRK	STK11
EPHA4	FGFR4
KSR1	NME1
EPHA3	PIM1
EPHB2	KSR1
INSR	RAF1
INSR	PRKCA
ABL2	EPHB2
AKT1	CAMKK1
CSF1R	LYN
CSK	ERBB3
ACVR1B	BMPR2
ABL2	JAK1
AATK	STK39
CAMKK2	SGK1
MAP2K4	MAP4K2
CAMKK2	PRKACA
IKBKB	PRKDC
AKT2	PRKDC
RPS6KB1	SRC
RPS6KB1	SYK
RPS6KB2	SRC
RPS6KB2	SYK
CSNK2A1	MAPK14
GSK3B	PRKCA
LTK	RAF1
MAPK8	PDPK1
MAPK14	TGFBR1
ACVR1	TGFBR2
MARK1	MARK2
MAP3K7	VRK2
MAPK8	VRK2
MAP2K7	VRK2
FGFR1	MAP3K7
FGFR1	MAP3K3
FGFR1	MAP3K1
JAK1	PRKCA
LIMK1	PRKACA
LIMK1	MAPK1
EPHB2	MAPK14
RPS6KA2	SYK
MAP4K4	SGK3
HIPK1	IGF1R
MAP4K4	PIK3CB
CHEK1	NEK9
CSNK1D	ULK2
PGK1	PIK3C2A
PLK1	ULK2
MAPK3	ULK2
MAST3	PRKAA2
PIK3CG	PRKAA2
PRKAA1	ULK2
MAP3K6	PRKAA2
KSR1	VRK2
MAP3K5	PRKAA2
CSK	ERBB2
DYRK1A	MAP3K1
HIPK2	MAP3K1
DYRK1B	MAP3K1
EPHA2	GRK2
MAP3K20	RPS6KA5
NUAK1	PRKAA1
MARK3	PRKAA1
MARK1	PRKAA1
PRKDC	RYK
MAPK1	RYK
MAPK3	RYK
MARK2	PRKAA1
NUAK2	PRKAA1
TRIM28	WNK1
EPHA4	RYK
ERBB2	IGF1R
PTK7	RYK
AGK	RYK
DDR1	MAPK6
BMPR2	MAPK8
FGFR1	MAPK1
FASTKD5	IRAK2
CDK16	CDK5
FGFR1	MAPK3
BRD2	BRD4
RIPK1	RIPK2
NPR1	PRKG1
CDK7	PRKCI
CDK1	PRKCB
CDK1	RYK
COQ8A	IRAK2
COQ8A	IRAK1
EGFR	ROS1
ARAF	IRAK2
BRD3	BRD4
CDC42BPG	TBK1
AK1	BRD4
CDK3	EIF2AK2
NEK9	TTN
LRRK2	PAK1
CDC7	ICK
KIT	PDGFRA
MARK2	PRKCE
MAP2K4	MAP2K6
MAP2K3	MAP3K2
AKT2	CHEK1
DYRK1A	LATS2
CHUK	CSNK2A1
SRC	TBK1
ALK	TNK2
ATM	MAP3K7
FGFR2	LYN
FGFR2	FYN
SGK1	WNK2
FRK	FYN
CHEK2	DAPK3
MAP2K2	MAPK8
MAP2K1	MAPK8
AURKB	LATS1
CDK2	CDK20
BUB1B	PLK3
MAPK1	SYK
LYN	TNK2
GSK3B	STK11
CDK2	TTK
AURKA	PLK3
FGFR1	PAK2
AKT2	GRK5
CDK15	CDK9
DYRK1A	PRKACB
CDK3	STK4
DYRK1A	PRKACA
DAPK1	PKM
MAPK12	PRPF4B
MASTL	RPS6KA1
CLK4	SRPK1
CDK3	STK3
CAMK1	CDK14
CDK18	CDK5
FLT1	SRPK1
CDK7	SRPK1
PAK4	SRPK1
CHEK2	SRPK1
CDK12	CDK20
FASTKD5	MAPK4
MAPK14	SRPK1
ARAF	HIPK4
MAPK12	MAPK15
CLK1	SRPK2
PRKAA1	SRPK2
CDK13	CDK4
PRPF4B	SRPK2
MAPKAPK5	SRPK2
AURKA	SRPK1
PRPF4B	SRPK3
RPS6KB2	SRPK1
CDK13	CDK2
CDK7	SRPK2
CDK3	CDK5
CASK	SRPK2
CHUK	SRPK2
EEF2K	ILK
CSK	PRKAA1
CSK	PRKCD
CSK	STK24
ATR	EGFR
GRK2	STK4
AURKB	ILK
FGFR1	GRK2
CSNK2A1	STK26
FGFR1	STK26
FGFR1	OXSR1
PRKCD	STK26
FGFR1	PRKACA
AURKA	STK3
ALK	PRKAA1
CDK4	MAPK14
COQ8B	ILK
CAMK1	CDK9
MAPK11	PKN1
PAK1	PHKG2
FASTKD5	ILK
CDK12	CDK13
GSK3A	PRKCH
CHEK2	PRKDC
AURKA	EEF2K
FGFR1	RIOK2
MAP3K10	MAPK1
LRRK1	PAK1
FGFR1	STK24
MAP3K7	SYK
GSK3B	PRKDC
GSK3A	PRKDC
PHKG1	RPS6KA1
FGFR1	PBK
CSNK2A1	PBK
GRK2	RIOK2
FGFR1	PRKAA1
LATS1	NUAK2
PRKACB	TP53RK
PRKDC	TP53RK
MAP3K10	MAPK14
NEK9	PAK1
GSK3B	PBK
PRKDC	RIOK2
PAK2	RIOK2
PAK1	RIOK2
FGFR1	MAPK14
PKM	RIOK2
FGFR1	STK4
ARAF	ILK
ALK	ILK
CSK	STK4
PRKDC	STK25
CDK9	STK4
PKM	PRKCD
PKM	STK25
GSK3B	RPS6KA1
EIF2AK2	VRK1
CHEK1	EEF2K
CSNK1E	EEF2K
KIT	TXK
KDR	PKM
FLT4	PKM
PKM	RPS6KA2
AURKB	STK4
FGR	MET
PKM	PRKG2
GAK	LRRK1
EPHA8	LRRK1
PKM	PRKAA2
PKM	PRKD3
LRRK2	PRKACA
MST1R	PKM
LRRK2	STK33
BTK	MET
ABL2	KIT
HCK	MET
CAMK2G	LRRK2
LRRK2	MKNK2
FLT4	LRRK1
PAK2	PKM
PKM	PRKCE
PKM	PRKD1
PAK6	PKM
CDK2	LRRK2
PKM	RPS6KA5
FES	MET
PKM	RPS6KA3
PKM	SYK
MET	TEC
MET	TXK
FLT1	PKM
AURKB	STK3
LRRK2	TRIB2
AKT2	LRRK2
PKM	PTK2
PAK5	PKM
HK1	LRRK2
FGR	KIT
ABL2	LRRK2
CAMK1D	LRRK2
MET	PTK6
ABL2	MET
MATK	MET
PDGFRA	PKM
PKM	PRKCQ
ITK	MET
COQ8A	LRRK2
EPHA1	MAP3K1
AKT2	EGFR
INSR	MOK
MAPK12	SRPK3
MAP3K2	MAPK7
EPHB1	PRKCG
EPHA4	RIPK3
IKBKB	ROCK1
CDK13	SRPK2
CDK5	EGFR
JAK3	KIT
CSNK1A1	EGFR
CSNK2A1	EGFR
CSNK2A1	MAST3
ACVR1B	TGFBR2
ACVR2A	TGFBR2
ACVR2B	TGFBR2
AKT1	MAPK9
CDK20	CDK5
CDK14	CDK5
CSNK1G2	MAPK14
CDK20	CDK7
PKN3	TGFBR2
BMPR1A	TGFBR2
TRIM28	TYK2
CSNK1A1	SIK2
PKN2	TGFBR2
PIK3CB	TGFBR2
CDK4	LIMK2
AKT2	CDK3
NME3	RPS6KB2
CSNK1E	MAPK9
PAK2	PLK2
STK40	TRIB3
NEK6	TNK2
JAK1	TGFBR2
CDK15	CDK18
AKT1	MAPK8
COQ8A	EGFR
ERBB2	TGFBR2
CDK16	CDK8
FGFR1	TGFBR2
BLK	CAMK1
DAPK3	ULK1
ILK	MTOR
CSNK1E	LRRK2
MAP2K1	TGFBR2
CDK8	PRKDC
MAPK3	STK11
ILK	STK4
CDK8	ERBB2
BMPR1A	CDK8
AURKA	CDK8
BUB1	MAP2K1
AURKA	MAPK3
CSNK1G3	LRRK2
MAP2K4	STK4
PAK3	STK4
CSNK1D	LRRK2
BMPR1A	MAP2K1
CHEK2	MAPK1
MARK2	NTRK1
CDK12	CLK1
GAK	NTRK1
MAP3K3	MTOR
ACVR1B	NTRK1
ABL2	NTRK1
CDK10	PRKD2
CDK18	MASTL
GRK3	NTRK1
AK2	NTRK1
BUB1	CDK2
CDK1	NTRK1
CHEK1	MAPK1
DYRK1A	NTRK1
SRC	SRPK2
EPHA2	NTRK1
EGFR	NTRK1
GAK	PHKG2
CDK6	NTRK1
CDK4	NTRK1
CDK2	NTRK1
CSNK2A2	NTRK1
CSNK2A1	NTRK1
CSNK1A1	NTRK1
CSNK1E	NTRK1
DCK	NTRK1
FASTKD5	NTRK1
CDK16	CDK2
IP6K3	MAPK3
CHEK2	MAPK3
FASTKD5	MASTL
AAK1	NTRK1
MKNK1	PDK1
FGFR3	SRPK2
NRBP2	PDK1
ERBB3	SRPK2
GSK3B	MAP2K7
BMP2K	CDK2
MAST2	SRPK2
CSNK1E	JAK3
MAP4K5	NTRK1
CLK4	PIM2
AGK	NTRK1
MAPK7	PRKCA
BMP2K	GAK
NEK8	NEK9
BRD3	NTRK1
MASTL	PRKCI
ARAF	JAK3
MAP4K4	NTRK1
CDC42BPB	NTRK1
IKBKB	STK26
CDC42BPA	NTRK1
MAP4K3	NTRK1
FGFR1	NTRK1
CDK13	NTRK1
CASK	NTRK1
MST1R	PLK1
PGK1	PKM
PFKM	PKM
CDK12	MAP4K4
EIF2AK2	NTRK1
MAPK7	NTRK1
NEK9	NTRK1
ADCK1	MKNK2
JAK1	NTRK1
INSR	NTRK1
IGF1R	NTRK1
OXSR1	PFKP
PDK1	TNK2
RIPK3	SRPK2
CHEK2	SRPK2
CSNK2A2	MAPK8
MAP3K20	SRPK2
CDK12	SRPK2
HK1	NTRK1
HK2	NTRK1
DDR2	NTRK1
MAPK3	SRPK2
SBK1	SRPK2
LYN	NTRK1
MARK3	NTRK1
MAP3K1	NTRK1
BCKDK	MAPK6
CSNK2A1	KSR1
ALK	LTK
ARAF	RIPK4
AURKB	RIPK4
PRKDC	RIPK4
COQ8A	RIPK4
HK2	KSR1
PFKM	RIPK4
CDC7	MAPK6
CDC42BPB	KSR2
PIK3R4	RIPK4
PRKCH	RIPK4
CSNK1A1	RIPK4
CSNK1D	RIPK4
IRAK1	MAPK6
CDC7	RIPK4
AURKB	MAPK6
ILK	RIPK4
CSNK2A2	KSR1
KSR1	RIPK4
CDK4	KSR1
CSNK1E	RIPK4
PRKCI	RIPK4
AGK	RIPK4
IRAK1	RIPK4
RAF1	RIPK4
BRD2	CAMKV
CLK1	CLK2
ERBB3	MET
PGK1	PGK2
DYRK3	EGFR
CDK13	EGFR
BRD3	CAMKV
ATR	PDGFRB
ACVR2B	PDGFRB
BMPR1A	PDGFRB
CSNK1G1	CSNK1G3
CDC42BPB	PRKCZ
CAMK1	EPHA1
PDK3	PDK4
PDK2	PDK4
PDK1	PDK4
MARK2	NUAK2
BRD4	PIP4K2A
AURKA	PAK5
BRD2	PIP4K2A
CKM	CKMT2
TRIB1	TRIB2
MARK3	NUAK2
BRD2	BRD3
ABL2	AXL
PIP4K2A	RPS6KB1
RPS6KA3	STRADB
RPS6KA2	STRADB
PDK2	PDK3
PIP5K1A	PRKCA
CDK14	CDKL2
PTK2	TEK
COQ8A	COQ8B
EPHA2	NTRK3
STK40	TRIB2
AKT1	TEK
MTOR	NTRK3
FGFR1	FGFR2
BRD3	PIP4K2A
CDK6	PAK4
BRD4	CAMKV
MAP2K1	PAK2
LIMK2	PRKCD
CDK5	PRKCD
PIP5K1B	PRKCD
MET	PRKCD
BRSK1	CAMK2A
CDK11B	CDK7
JAK1	PRKAA1
CSNK1E	PRKAA1
ERBB2	PRKAA1
MKNK1	PRKAA1
BRAF	PRKAA1
MYLK	PRKAA1
PINK1	PRKAA2
PAK2	PRKAA2
IKBKB	PRKAA2
NUAK1	STK38L
CDK1	WEE2
PAK2	PRKAA1
PIKFYVE	PRKAA1
CDK4	YES1
RPS6KB1	TBK1
INSR	TBK1
PRKD1	PRKD3
CKM	PRKCB
MAPK9	PRKCB
PRKACA	SYK
PIP5K1B	SYK
CSNK2A1	LYN
EGFR	MAPK11
EEF2K	MAPKAPK2
PIP5K1B	PRKCQ
CSNK2A1	FGR
PAK1	STK11
AURKB	CHEK1
CDK13	CHEK1
MYLK	PRKACA
CAMKK1	PRKACA
MARK3	PRKACA
GRK1	PRKACA
PFKM	PRKACA
PRKAA1	PRKACA
CHKB	PRKACA
CASK	PRKACA
CSNK1A1	PRKACA
PFKP	PRKACA
BRSK2	PRKACA
GRK7	PRKACA
PFKL	PRKACA
KSR1	PRKACA
ATR	PRKACA
NPR1	PRKACA
ERN1	PRKACA
MAP3K11	MAPK3
GSK3B	MAPK3
CAMK4	CAMKK1
BRSK1	CAMKK1
MAP2K4	SGK1
CDK1	ERBB2
CHKA	SRC
AURKA	SRC
RPS6KA3	SRC
AATK	SRC
PRKD2	SRC
CIT	SRC
PIP5K1C	SRC
PLK1	SRC
HK2	SRC
HIPK2	SRC
FER	SRC
CDK4	SRC
STK39	WNK2
MARK3	PRKCI
MAPK11	ZAP70
AKT1	PRKCE
GSK3B	RPS6KB2
PFKM	ULK1
HK1	ULK1
NEK1	TLK1
CDC7	CDK1
AAK1	CDK1
ATR	CDK1
CDK11B	CHEK2
PRKAA1	PRKCA
WNK1	WNK3
DYRK2	MAP3K10
ABL1	CLK1
CAMK2A	PRKCA
ERBB2	PRKCA
AKT1	PRKCA
EGFR	PKN1
CAMKK2	DAPK1
PRKAA1	PRKD1
PRKAA2	PRKD1
MAP3K5	PRKD1
PAK4	PRKD1
AKT1	PRKD1
PIP4K2A	PRKD1
MAP4K1	PRKD1
KSR1	MAP3K7
MARK3	STK11
NUAK2	STK11
MELK	STK11
MKNK1	SGK1
MAPK1	SGK1
PIKFYVE	SGK1
PLK1	PLK2
MAP2K1	PAK3
PRKCB	SYK
KSR1	LCK
AKT1	IKBKE
GSK3A	IKBKE
ABL1	CLK4
MAP2K1	PDPK1
MAP2K2	PDPK1
GSK3B	MAPK14
EIF2AK2	MAPK14
GSK3B	PRKG1
MYLK	PRKG1
PFKM	PRKG1
ERBB2	MAPK1
EIF2AK2	MAPK1
CDC42BPB	MTOR
CDKL5	DYRK1A
PDK1	PGK1
MAP3K5	MELK
AKT1	MAPK3
AAK1	STK38
GSK3B	PRKCH
MAP2K1	PLK1
MAP2K2	PLK1
CASK	CDK5
ATM	CDK5
CAMKV	CDK5
MARK2	PRKD2
DAPK3	ROCK1
ERBB2	PRKG2
MET	PRKG2
GSK3B	MAP2K1
AKT1	TYRO3
CHEK1	RPS6KA1
DAPK1	RPS6KA1
EPHA2	RPS6KA1
EEF2K	MTOR
DDR1	NEK6
CDK5	CSNK1A1
CAMK2B	PRKCG
FGFR1	PRKCE
AURKB	PRKCE
MET	PRKCE
PRKCA	STK3
NEK2	STK3
PLK1	STK10
MAPK8	PRKCD
MAP2K1	MOS
PIP5K1C	RPS6KB1
EEF2K	TRPM7
AKT1	MERTK
LIMK1	PAK6
BRAF	PAK1
STK39	WNK1
MAP2K3	MAP3K8
ABL1	MAP3K8
MAP2K6	MAP3K8
CDK1	MAP3K8
MAP2K2	MAP3K8
CHEK1	MAP3K8
CDK4	MAPK9
AKT1	CAMKK2
EGFR	PKN3
AATK	FYN
ABL1	TTK
BUB1B	TTK
CSNK1D	PRKCA
GRK7	PRKCA
CDK1	PRKCA
GUCY2C	PRKCA
PIP5K1B	PRKCA
ILK	PRKCA
MET	PRKCA
PHKG1	PRKACA
ATM	AURKB
STK38	STK4
MAP3K5	PIM1
CAMK2D	RIPK3
CKM	PRKCD
MAP3K12	MAPK8
CDK4	MAPK8
PIK3CG	PRKCB
PRKAA1	PRKCB
GSK3B	PRKCG
EPHB6	FLT3
MARK2	PRKCZ
MARK3	PRKCZ
AKT1	AXL
ATM	EGFR
GSK3B	MAP4K5
PDPK1	RET
MAPK9	RET
AKT1	RET
IKBKB	LYN
MAP3K5	RPS6KA3
GSK3B	RPS6KA3
EIF2AK2	RPS6KA3
DAPK1	RPS6KA3
EPHA2	RPS6KA3
GSK3A	RPS6KA3
CHEK2	MAP3K20
MOS	PRKACA
MAP4K1	PRKACA
AURKC	PRKACA
PIP5K1B	PRKACA
EEF2K	MAPKAPK3
CHEK2	TSSK1B
ERBB4	SRC
CHEK1	MAPKAPK2
CDK11B	CSNK2A2
CDK11B	NTRK1
MAPKAPK3	SRPK2
DCLK1	KSR1
CDK16	KSR1
CDK5	SCYL2
DCLK1	MAST3
CSNK1A1	WEE1
DYRK2	STK4
DCLK1	MAP3K21
DCLK1	MELK
CHEK1	KSR1
CSNK1A1	KSR1
ICK	MAK
BRD4	CHEK2
BRD4	CHEK1
TTN	WEE1
BRD4	WEE1
CDK12	WEE1
BRD4	CDC7
MTOR	WEE1
CSK	TNK2
IKBKB	TNIK
MAPK6	STK40
MAPKAPK5	STK40
AKT1	CDK4
AKT1	CDK6
AKT1	FGFR4
EPHA2	FGFR4
AKT1	LATS2
EPHA2	LATS2
FGFR4	LATS2
AKT1	MAP2K3
AURKA	MAP2K3
CDK4	MAP2K3
CDK6	MAP2K3
AKT1	MAP2K5
CDK4	MAP2K5
CDK6	MAP2K5
EPHA2	MAP2K5
ERBB2	MAP2K5
FGFR4	MAP2K5
LATS2	MAP2K5
MAP2K3	MAP2K5
MAP2K5	MAP2K6
LATS2	MAP3K5
EPHA2	MET
FGFR4	MET
AKT1	PDGFRA
CDK4	PDGFRA
EPHA2	PDGFRA
FGFR4	PDGFRA
LATS2	PDGFRA
MAP2K3	PDGFRA
CDK4	RAF1
CDK6	RAF1
FGFR4	RAF1
MAP2K3	RAF1
PDGFRA	RAF1
FGFR4	STK11
LATS2	STK11
MAP2K3	STK11
AKT1	ARAF
AURKA	BRAF
AKT1	ERBB2
AURKA	ERBB2
CDK6	ERBB2
EPHA2	ERBB2
CDK4	IGF1R
FGFR4	IGF1R
ERBB2	MAP2K3
AKT1	MAP2K6
EPHA2	MAP2K6
FGFR4	MAP2K6
FGFR4	MAP3K5
CDK6	MAPK14
EPHA2	MAPK14
FGFR4	MAPK14
LATS2	MAPK14
CDK4	MET
CDK6	MET
LATS2	MET
AURKA	PDGFRA
CDK6	PDGFRA
ERBB2	PDGFRA
ARAF	PIK3CA
EPHA2	RAF1
ERBB2	RAF1
LATS2	RAF1
MET	RAF1
FGFR4	ROS1
EPHA2	STK11
AK2	RIPK4
ARAF	CDK9
CDC42BPA	CDK9
CDK9	CSNK1A1
CDK3	IGF1R
IGF1R	MAP2K1
CDK9	MAP2K3
PFKP	RIOK1
PKM	RIOK1
PRKDC	RIOK1
AURKA	RIOK1
ABL1	DAPK1
LATS1	LRRK2
AURKB	LRRK2
DYRK2	LRRK2
CDKL3	LRRK2
AKT2	PFKP
AKT3	PFKP
AKT1	IGF1R
BMPR1B	MAP2K7
BMPR1B	BRAF
PIK3C2A	SRC
PIK3C2A	PRKCE
PDXK	STK3
MAP2K7	PRKCQ
CHEK1	PRKACA
CHEK1	CSNK2A2
CHEK1	FGFR3
CHEK1	PRKAA2
CHEK1	RIOK2
IKBKB	NME2
IKBKB	RPS6KA2
CASK	IGF1R
AURKA	MAPKAPK3
CHUK	TRIO
CHUK	TBK1
MAP3K7	PRKACA
MAP3K7	PRKX
KALRN	PRKCB
OXSR1	ROS1
LATS1	PTK2
LATS1	STK11
LATS1	MARK1
CHEK2	PAK1
ABL1	SYK
PGK1	PIK3CG
PGK1	STK11
AK1	AKT1
LCK	PIK3CG
CDK1	PRKAA2
CKM	PRKCE
ARAF	CAMKK2
FGFR1	STK3
CDK4	NEK9
PKM	PRKACA
PKM	PRKACB
PKM	PRKCZ
PKM	PRKAA1
PKM	STK3
PKM	STK11
PKM	ULK2
BRAF	MAPKAPK3
NME1	PIK3C2A
NME1	PRKAA2
NME1	STK11
FER	MAPK1
PFKL	PRKACB
PFKL	PRKAA2
FLT1	PIK3CG
HK1	PRKAA2
EIF2AK2	PDPK1
EIF2AK2	ULK1
EIF2AK2	PRKAA1
CSNK2A2	PRKACG
CSNK2A2	RIOK1
CSNK2A2	RIOK2
FGFR2	ROS1
NME2	YES1
NME2	PFKP
PRKACB	STK4
PRKACB	RPS6KB2
PRKACB	STK38L
CDK2	STK38L
MAPK3	PIK3CG
MAPK3	RIOK1
MAPK1	ROS1
MAPK1	PFKL
MAPK1	PIK3CG
MAPK1	PRKAA2
MAPK1	STK11
MAPK1	NEK9
EPHB2	PRKAA2
AKT1	IRAK2
AKT1	PKN1
KDR	PDGFRB
KDR	NEK9
MAP2K2	NTRK1
MAP2K2	PRKCZ
MAP2K2	MAPK14
CSK	GSK3B
CSK	PRAG1
PRKCI	PRKCQ
MTOR	PIK3CD
MTOR	RIOK2
FRK	MAP2K7
FRK	ROS1
FRK	TEC
FRK	MAPK8
FRK	MAP2K1
MAPK8	PRKCE
MAPK8	PKN2
MAPK9	PRKCE
MAP2K4	PRKCQ
MAP2K3	TGFBR1
CSNK1D	PFKL
CSNK1D	TGFBR1
CSNK1D	EIF2AK4
PIK3CG	ULK1
MAPKAPK2	PRKCE
CDK8	EPHA4
GSK3A	PRKAA2
GSK3B	IGF1R
GSK3B	ROR2
BMX	PRKCE
AK2	CHEK2
AK2	PRKAA2
AK2	PFKP
AK2	STK11
AK2	CAMKK2
HUNK	LIMK1
CSNK1G2	EPHA4
PRKDC	YES1
PRKDC	STK4
CDK6	MAPK8
CDK6	MAPKAPK3
CDK5	PRKAA2
CDK5	STK4
CDK5	STK3
CDK5	RIOK1
PFKP	PIK3C2A
PFKP	PRKAA2
PFKP	PIK3R4
PRKCE	TP53RK
MAP2K1	ROS1
MAP2K1	PRKCE
MAP3K10	PRKCZ
ACVR1	BMPR1B
PAK1	STK38L
MAPK7	PFKL
MAPK7	MTOR
MAPK7	PRKAA2
MAPK7	PRKCE
STK3	STK38
TRIM28	YES1
ATM	IKBKB
CAMK2D	MAPK14
BMPR2	SRC
CAMK1	CSNK2A2
CAMK1	PRKACG
CAMK1	MAPK3
CAMK1	CDK5
CAMK1	PFKP
CAMK1	MAPK7
IKBKE	MAP3K14
ERBB4	NME2
EPHA7	RYK
MAPK14	PRKACG
MAPK14	PIK3CG
MAPK14	STK38L
MAPKAPK3	SRC
MAPKAPK3	STK11
MAPK6	PIK3CG
PCK2	ULK2
PAN3	PRKCE
PPIP5K1	PRKAA2
CAMK1D	PRKACA
CAMK1D	PRKACG
PIP4K2C	STK11
TTN	YES1
TTN	WNK1
TRIB2	WEE1
AURKB	CHEK2
AURKB	CDK2
AURKB	CAMKK2
IP6K3	PDPK1
CDK15	STK4
CAMKK2	WNK1
EIF2AK1	TGFBR1
HIPK2	WNK1
MKNK2	TGFBR1
DYRK4	RPS6KA5
IRAK4	ZAP70
MARK1	STK4
EIF2AK4	PGK1
EIF2AK4	PFKL
EIF2AK4	MAPK3
EIF2AK4	GSK3B
EIF2AK4	PRKAA2
EIF2AK4	MAPK14
CAMK2A	RAF1
DYRK1B	MAPK11
MAP3K4	MAPK1
PDPK1	ULK1
FLT3	FYN
FLT3	LCK
FLT3	YES1
